======================================================================
BinanceBot 자동 실행 관리자
======================================================================
실행 파일: main.py
봇 종료 시 자동으로 재시작합니다.
완전히 종료하려면 Ctrl + C

[2026-07-17 17:50:06] BinanceBot을 시작합니다.
불러온 config 위치: C:\Users\P\Desktop\바이낸스봇\config.py
============================================================
BinanceBot v2.2
============================================================
현재 모드: 가상매매
저장된 가상잔고: 998,754원
복구된 포지션: 3개
최대 포지션: 3개
손절: -1.0%
익절: +3.0%
왕복 수수료 가정: 0.1%
일일 손실 제한: -5.0%
일일 수익 제한: +10.0%
종료: Ctrl + C
============================================================
BinanceBot 가상매매 성적표
============================================================
총 거래 횟수: 1회
승리: 0회
손실: 1회
승률: 0.00%
누적 손익: -1,246원
평균 거래 수익률: -1.246%
평균 수익금: +0원
평균 손실금: -1,246원
최고 거래: ONDOUSDT LONG -1,246원
최악 거래: ONDOUSDT LONG -1,246원
평균 보유시간: 50분
최대 연속 승리: 0회
최대 연속 손실: 1회
코인별 성과
------------------------------------------------------------
ONDOUSDT         1회 | 승률   0.00% | 손익 -1,246원
============================================================
------------------------------------------------------------
오늘 실현손익: -1,246원 (-0.125%)
신규 거래 상태: 가능
------------------------------------------------------------
[보유] ZECUSDT      SHORT | 현재가 530.33000000 | 가격 +1.041% | 수수료반영 +0.941% | +941원
[보유] BNBUSDT      SHORT | 현재가 564.07000000 | 가격 +0.990% | 수수료반영 +0.890% | +890원
[보유] DOGEUSDT     SHORT | 현재가 0.07130000 | 가격 +0.419% | 수수료반영 +0.319% | +319원
시장 스캔을 시작합니다.
===========================================================================
안전 필터 적용 시장 스캔
===========================================================================
최소 상장 기간: 30일
24시간 과열 제외: ±20.0% 이상
최소 진입 점수: 45점
안전 필터 통과 종목: 517개
24시간 ±20% 과열 제외: 6개
분석 대상: 거래대금 상위 20개
 1/20 BTCUSDT        하락 | 5분 +0.105% | 24시간 -2.05% | RSI 60.3
 2/20 ETHUSDT        하락 | 5분 +0.134% | 24시간 -3.06% | RSI 67.6
 3/20 SOLUSDT        하락 | 5분 +0.081% | 24시간 -2.23% | RSI 59.1
 4/20 HYPEUSDT       상승 | 5분 +0.141% | 24시간 -10.08% | RSI 60.2
 5/20 ZECUSDT        하락 | 5분 +0.021% | 24시간 -5.40% | RSI 52.4
 6/20 XRPUSDT        상승 | 5분 +0.129% | 24시간 -2.08% | RSI 63.5
 7/20 DOGEUSDT       하락 | 5분 -0.070% | 24시간 -2.53% | RSI 46.3
 8/20 ONDOUSDT       하락 | 5분 +0.275% | 24시간 -1.11% | RSI 59.0
 9/20 BNBUSDT        하락 | 5분 -0.076% | 24시간 -2.40% | RSI 44.6
10/20 NEARUSDT       하락 | 5분 +0.159% | 24시간 -7.07% | RSI 32.3
11/20 LABUSDT        상승 | 5분 +1.266% | 24시간 -14.29% | RSI 69.9
12/20 BANKUSDT       상승 | 5분 +0.388% | 24시간 +15.39% | RSI 69.1
13/20 1000PEPEUSDT   상승 | 5분 +0.235% | 24시간 +0.53% | RSI 73.1
14/20 USUSDT         하락 | 5분 +0.844% | 24시간 +4.80% | RSI 52.5
15/20 WLDUSDT        하락 | 5분 +0.266% | 24시간 -5.44% | RSI 56.5
16/20 SUIUSDT        하락 | 5분 +0.138% | 24시간 -1.64% | RSI 59.0
17/20 KAITOUSDT      상승 | 5분 -0.830% | 24시간 +18.10% | RSI 41.4
18/20 ADAUSDT        상승 | 5분 +0.315% | 24시간 -1.79% | RSI 68.6
19/20 MANTRAUSDT     하락 | 5분 +0.256% | 24시간 +4.42% | RSI 42.4
20/20 PUMPUSDT       하락 | 5분 -0.183% | 24시간 +0.86% | RSI 46.2
가상 진입 후보
DOGEUSDT     SHORT 85점
ADAUSDT      LONG  75점
ONDOUSDT     SHORT 60점
BNBUSDT      SHORT 60점
BANKUSDT     LONG  55점
최대 포지션 개수에 도달했습니다.
======================================================================
가상잔고: 998,754원
보유 포지션: 3/3
- ZECUSDT      SHORT | 진입가 535.91000000 | 투입금 100,000원
- BNBUSDT      SHORT | 진입가 569.71000000 | 투입금 100,000원
- DOGEUSDT     SHORT | 진입가 0.07160000 | 투입금 99,875원
======================================================================
------------------------------------------------------------
오늘 실현손익: -1,246원 (-0.125%)
신규 거래 상태: 가능
------------------------------------------------------------
[보유] ZECUSDT      SHORT | 현재가 530.33000000 | 가격 +1.041% | 수수료반영 +0.941% | +941원
[보유] BNBUSDT      SHORT | 현재가 564.18000000 | 가격 +0.971% | 수수료반영 +0.871% | +871원
[보유] DOGEUSDT     SHORT | 현재가 0.07133000 | 가격 +0.377% | 수수료반영 +0.277% | +277원
[보유] ZECUSDT      SHORT | 현재가 530.33000000 | 가격 +1.041% | 수수료반영 +0.941% | +941원
[보유] BNBUSDT      SHORT | 현재가 564.18000000 | 가격 +0.971% | 수수료반영 +0.871% | +871원
[보유] DOGEUSDT     SHORT | 현재가 0.07133000 | 가격 +0.377% | 수수료반영 +0.277% | +277원
[보유] ZECUSDT      SHORT | 현재가 530.14000000 | 가격 +1.077% | 수수료반영 +0.977% | +977원
[보유] BNBUSDT      SHORT | 현재가 564.20000000 | 가격 +0.967% | 수수료반영 +0.867% | +867원
[보유] DOGEUSDT     SHORT | 현재가 0.07133000 | 가격 +0.377% | 수수료반영 +0.277% | +277원
[보유] ZECUSDT      SHORT | 현재가 530.13000000 | 가격 +1.079% | 수수료반영 +0.979% | +979원
[보유] BNBUSDT      SHORT | 현재가 564.22000000 | 가격 +0.964% | 수수료반영 +0.864% | +864원
[보유] DOGEUSDT     SHORT | 현재가 0.07133000 | 가격 +0.377% | 수수료반영 +0.277% | +277원
[보유] ZECUSDT      SHORT | 현재가 530.15000000 | 가격 +1.075% | 수수료반영 +0.975% | +975원
[보유] BNBUSDT      SHORT | 현재가 564.22000000 | 가격 +0.964% | 수수료반영 +0.864% | +864원
[보유] DOGEUSDT     SHORT | 현재가 0.07134000 | 가격 +0.363% | 수수료반영 +0.263% | +263원
[보유] ZECUSDT      SHORT | 현재가 530.40000000 | 가격 +1.028% | 수수료반영 +0.928% | +928원
[보유] BNBUSDT      SHORT | 현재가 564.18000000 | 가격 +0.971% | 수수료반영 +0.871% | +871원
[보유] DOGEUSDT     SHORT | 현재가 0.07134000 | 가격 +0.363% | 수수료반영 +0.263% | +263원
[보유] ZECUSDT      SHORT | 현재가 530.40000000 | 가격 +1.028% | 수수료반영 +0.928% | +928원
[보유] BNBUSDT      SHORT | 현재가 564.19000000 | 가격 +0.969% | 수수료반영 +0.869% | +869원
[보유] DOGEUSDT     SHORT | 현재가 0.07135000 | 가격 +0.349% | 수수료반영 +0.249% | +249원
[보유] ZECUSDT      SHORT | 현재가 530.71000000 | 가격 +0.970% | 수수료반영 +0.870% | +870원
[보유] BNBUSDT      SHORT | 현재가 564.22000000 | 가격 +0.964% | 수수료반영 +0.864% | +864원
[보유] DOGEUSDT     SHORT | 현재가 0.07135000 | 가격 +0.349% | 수수료반영 +0.249% | +249원
[보유] ZECUSDT      SHORT | 현재가 530.75000000 | 가격 +0.963% | 수수료반영 +0.863% | +863원
[보유] BNBUSDT      SHORT | 현재가 564.22000000 | 가격 +0.964% | 수수료반영 +0.864% | +864원
[보유] DOGEUSDT     SHORT | 현재가 0.07136000 | 가격 +0.335% | 수수료반영 +0.235% | +235원
[보유] ZECUSDT      SHORT | 현재가 530.64000000 | 가격 +0.983% | 수수료반영 +0.883% | +883원
[보유] BNBUSDT      SHORT | 현재가 564.30000000 | 가격 +0.950% | 수수료반영 +0.850% | +850원
[보유] DOGEUSDT     SHORT | 현재가 0.07135000 | 가격 +0.349% | 수수료반영 +0.249% | +249원
[보유] ZECUSDT      SHORT | 현재가 530.71000000 | 가격 +0.970% | 수수료반영 +0.870% | +870원
[보유] BNBUSDT      SHORT | 현재가 564.27000000 | 가격 +0.955% | 수수료반영 +0.855% | +855원
[보유] DOGEUSDT     SHORT | 현재가 0.07135000 | 가격 +0.349% | 수수료반영 +0.249% | +249원
[보유] ZECUSDT      SHORT | 현재가 530.67000000 | 가격 +0.978% | 수수료반영 +0.878% | +878원
[보유] BNBUSDT      SHORT | 현재가 564.27000000 | 가격 +0.955% | 수수료반영 +0.855% | +855원
[보유] DOGEUSDT     SHORT | 현재가 0.07136000 | 가격 +0.335% | 수수료반영 +0.235% | +235원
[보유] ZECUSDT      SHORT | 현재가 530.74000000 | 가격 +0.965% | 수수료반영 +0.865% | +865원
[보유] BNBUSDT      SHORT | 현재가 564.27000000 | 가격 +0.955% | 수수료반영 +0.855% | +855원
[보유] DOGEUSDT     SHORT | 현재가 0.07136000 | 가격 +0.335% | 수수료반영 +0.235% | +235원
시장 스캔을 시작합니다.
===========================================================================
안전 필터 적용 시장 스캔
===========================================================================
최소 상장 기간: 30일
24시간 과열 제외: ±20.0% 이상
최소 진입 점수: 45점
안전 필터 통과 종목: 518개
24시간 ±20% 과열 제외: 5개
분석 대상: 거래대금 상위 20개
 1/20 BTCUSDT        하락 | 5분 +0.056% | 24시간 -1.97% | RSI 62.0
 2/20 ETHUSDT        상승 | 5분 +0.078% | 24시간 -2.96% | RSI 67.6
 3/20 SOLUSDT        하락 | 5분 +0.040% | 24시간 -2.15% | RSI 59.1
 4/20 HYPEUSDT       상승 | 5분 +0.050% | 24시간 -9.96% | RSI 62.6
 5/20 ZECUSDT        하락 | 5분 +0.015% | 24시간 -5.19% | RSI 53.6
 6/20 XRPUSDT        상승 | 5분 +0.037% | 24시간 -2.02% | RSI 64.5
 7/20 DOGEUSDT       하락 | 5분 -0.084% | 24시간 -2.39% | RSI 49.2
 8/20 ONDOUSDT       하락 | 5분 +0.440% | 24시간 -0.98% | RSI 63.5
 9/20 BNBUSDT        하락 | 5분 -0.067% | 24시간 -2.30% | RSI 48.4
10/20 NEARUSDT       하락 | 5분 +0.159% | 24시간 -7.02% | RSI 36.2
11/20 LABUSDT        상승 | 5분 +0.714% | 24시간 -14.66% | RSI 65.1
12/20 BANKUSDT       상승 | 5분 +0.809% | 24시간 +15.80% | RSI 70.8
13/20 1000PEPEUSDT   상승 | 5분 +0.114% | 24시간 +0.60% | RSI 72.5
14/20 USUSDT         하락 | 5분 +0.950% | 24시간 +6.07% | RSI 53.7
15/20 WLDUSDT        하락 | 5분 +0.265% | 24시간 -5.36% | RSI 60.6
16/20 SUIUSDT        하락 | 5분 +0.124% | 24시간 -1.46% | RSI 60.1
17/20 KAITOUSDT      상승 | 5분 -0.011% | 24시간 +18.04% | RSI 51.0
18/20 ADAUSDT        상승 | 5분 +0.063% | 24시간 -1.60% | RSI 68.6
19/20 MANTRAUSDT     하락 | 5분 +0.331% | 24시간 +4.47% | RSI 45.7
20/20 PUMPUSDT       하락 | 5분 -0.183% | 24시간 +0.86% | RSI 48.2
가상 진입 후보
DOGEUSDT     SHORT 80점
PUMPUSDT     SHORT 65점
BNBUSDT      SHORT 60점
LABUSDT      LONG  55점
SUIUSDT      SHORT 55점
최대 포지션 개수에 도달했습니다.
======================================================================
가상잔고: 998,754원
보유 포지션: 3/3
- ZECUSDT      SHORT | 진입가 535.91000000 | 투입금 100,000원
- BNBUSDT      SHORT | 진입가 569.71000000 | 투입금 100,000원
- DOGEUSDT     SHORT | 진입가 0.07160000 | 투입금 99,875원
======================================================================
------------------------------------------------------------
오늘 실현손익: -1,246원 (-0.125%)
신규 거래 상태: 가능
------------------------------------------------------------
[보유] ZECUSDT      SHORT | 현재가 530.78000000 | 가격 +0.957% | 수수료반영 +0.857% | +857원
[보유] BNBUSDT      SHORT | 현재가 564.28000000 | 가격 +0.953% | 수수료반영 +0.853% | +853원
[보유] DOGEUSDT     SHORT | 현재가 0.07136000 | 가격 +0.335% | 수수료반영 +0.235% | +235원
[보유] ZECUSDT      SHORT | 현재가 531.23000000 | 가격 +0.873% | 수수료반영 +0.773% | +773원
[보유] BNBUSDT      SHORT | 현재가 564.30000000 | 가격 +0.950% | 수수료반영 +0.850% | +850원
[보유] DOGEUSDT     SHORT | 현재가 0.07135000 | 가격 +0.349% | 수수료반영 +0.249% | +249원
[보유] ZECUSDT      SHORT | 현재가 531.30000000 | 가격 +0.860% | 수수료반영 +0.760% | +760원
[보유] BNBUSDT      SHORT | 현재가 564.35000000 | 가격 +0.941% | 수수료반영 +0.841% | +841원
[보유] DOGEUSDT     SHORT | 현재가 0.07137000 | 가격 +0.321% | 수수료반영 +0.221% | +221원
[보유] ZECUSDT      SHORT | 현재가 531.40000000 | 가격 +0.842% | 수수료반영 +0.742% | +742원
[보유] BNBUSDT      SHORT | 현재가 564.34000000 | 가격 +0.943% | 수수료반영 +0.843% | +843원
[보유] DOGEUSDT     SHORT | 현재가 0.07137000 | 가격 +0.321% | 수수료반영 +0.221% | +221원
[보유] ZECUSDT      SHORT | 현재가 531.48000000 | 가격 +0.827% | 수수료반영 +0.727% | +727원
[보유] BNBUSDT      SHORT | 현재가 564.37000000 | 가격 +0.937% | 수수료반영 +0.837% | +837원
[보유] DOGEUSDT     SHORT | 현재가 0.07137000 | 가격 +0.321% | 수수료반영 +0.221% | +221원
[보유] ZECUSDT      SHORT | 현재가 531.43000000 | 가격 +0.836% | 수수료반영 +0.736% | +736원
[보유] BNBUSDT      SHORT | 현재가 564.37000000 | 가격 +0.937% | 수수료반영 +0.837% | +837원
[보유] DOGEUSDT     SHORT | 현재가 0.07138000 | 가격 +0.307% | 수수료반영 +0.207% | +207원
[보유] ZECUSDT      SHORT | 현재가 531.24000000 | 가격 +0.871% | 수수료반영 +0.771% | +771원
[보유] BNBUSDT      SHORT | 현재가 564.37000000 | 가격 +0.937% | 수수료반영 +0.837% | +837원
[보유] DOGEUSDT     SHORT | 현재가 0.07138000 | 가격 +0.307% | 수수료반영 +0.207% | +207원
[보유] ZECUSDT      SHORT | 현재가 531.24000000 | 가격 +0.871% | 수수료반영 +0.771% | +771원
[보유] BNBUSDT      SHORT | 현재가 564.37000000 | 가격 +0.937% | 수수료반영 +0.837% | +837원
[보유] DOGEUSDT     SHORT | 현재가 0.07138000 | 가격 +0.307% | 수수료반영 +0.207% | +207원
[보유] ZECUSDT      SHORT | 현재가 531.26000000 | 가격 +0.868% | 수수료반영 +0.768% | +768원
[보유] BNBUSDT      SHORT | 현재가 564.36000000 | 가격 +0.939% | 수수료반영 +0.839% | +839원
[보유] DOGEUSDT     SHORT | 현재가 0.07138000 | 가격 +0.307% | 수수료반영 +0.207% | +207원
[보유] ZECUSDT      SHORT | 현재가 531.11000000 | 가격 +0.896% | 수수료반영 +0.796% | +796원
[보유] BNBUSDT      SHORT | 현재가 564.37000000 | 가격 +0.937% | 수수료반영 +0.837% | +837원
[보유] DOGEUSDT     SHORT | 현재가 0.07138000 | 가격 +0.307% | 수수료반영 +0.207% | +207원
[보유] ZECUSDT      SHORT | 현재가 530.90000000 | 가격 +0.935% | 수수료반영 +0.835% | +835원
[보유] BNBUSDT      SHORT | 현재가 564.40000000 | 가격 +0.932% | 수수료반영 +0.832% | +832원
[보유] DOGEUSDT     SHORT | 현재가 0.07137000 | 가격 +0.321% | 수수료반영 +0.221% | +221원
[보유] ZECUSDT      SHORT | 현재가 531.15000000 | 가격 +0.888% | 수수료반영 +0.788% | +788원
[보유] BNBUSDT      SHORT | 현재가 564.41000000 | 가격 +0.930% | 수수료반영 +0.830% | +830원
[보유] DOGEUSDT     SHORT | 현재가 0.07138000 | 가격 +0.307% | 수수료반영 +0.207% | +207원
[보유] ZECUSDT      SHORT | 현재가 530.76000000 | 가격 +0.961% | 수수료반영 +0.861% | +861원
[보유] BNBUSDT      SHORT | 현재가 564.41000000 | 가격 +0.930% | 수수료반영 +0.830% | +830원
[보유] DOGEUSDT     SHORT | 현재가 0.07138000 | 가격 +0.307% | 수수료반영 +0.207% | +207원
시장 스캔을 시작합니다.
===========================================================================
안전 필터 적용 시장 스캔
===========================================================================
최소 상장 기간: 30일
24시간 과열 제외: ±20.0% 이상
최소 진입 점수: 45점
안전 필터 통과 종목: 518개
24시간 ±20% 과열 제외: 5개
분석 대상: 거래대금 상위 20개
 1/20 BTCUSDT        하락 | 5분 +0.078% | 24시간 -1.94% | RSI 63.7
 2/20 ETHUSDT        상승 | 5분 +0.077% | 24시간 -2.93% | RSI 68.5
 3/20 SOLUSDT        하락 | 5분 +0.054% | 24시간 -2.06% | RSI 60.8
 4/20 HYPEUSDT       상승 | 5분 +0.074% | 24시간 -9.94% | RSI 62.0
 5/20 ZECUSDT        하락 | 5분 +0.202% | 24시간 -4.41% | RSI 60.5
 6/20 XRPUSDT        상승 | 5분 +0.037% | 24시간 -1.96% | RSI 65.6
 7/20 DOGEUSDT       하락 | 5분 -0.070% | 24시간 -2.33% | RSI 51.1
 8/20 ONDOUSDT       하락 | 5분 +0.468% | 24시간 -0.71% | RSI 63.5
 9/20 BNBUSDT        하락 | 5분 -0.004% | 24시간 -2.25% | RSI 49.5
10/20 NEARUSDT       하락 | 5분 +0.370% | 24시간 -6.49% | RSI 41.6
11/20 LABUSDT        상승 | 5분 +0.711% | 24시간 -14.09% | RSI 67.8
12/20 BANKUSDT       상승 | 5분 +0.310% | 24시간 +15.58% | RSI 64.6
13/20 1000PEPEUSDT   상승 | 5분 -0.011% | 24시간 +0.71% | RSI 73.0
14/20 USUSDT         하락 | 5분 +1.248% | 24시간 +8.26% | RSI 58.8
15/20 WLDUSDT        하락 | 5분 +0.239% | 24시간 -5.14% | RSI 61.6
16/20 SUIUSDT        하락 | 5분 +0.096% | 24시간 -1.41% | RSI 60.1
17/20 KAITOUSDT      상승 | 5분 -0.296% | 24시간 +18.24% | RSI 48.2
18/20 ADAUSDT        상승 | 5분 +0.188% | 24시간 -1.42% | RSI 72.6
19/20 MANTRAUSDT     하락 | 5분 -0.301% | 24시간 +4.17% | RSI 34.9
20/20 PUMPUSDT       하락 | 5분 -0.061% | 24시간 +1.17% | RSI 50.1
가상 진입 후보
MANTRAUSDT   SHORT 95점
BANKUSDT     LONG  75점
LABUSDT      LONG  55점
ADAUSDT      LONG  55점
XRPUSDT      LONG  50점
최대 포지션 개수에 도달했습니다.
======================================================================
가상잔고: 998,754원
보유 포지션: 3/3
- ZECUSDT      SHORT | 진입가 535.91000000 | 투입금 100,000원
- BNBUSDT      SHORT | 진입가 569.71000000 | 투입금 100,000원
- DOGEUSDT     SHORT | 진입가 0.07160000 | 투입금 99,875원
======================================================================
------------------------------------------------------------
오늘 실현손익: -1,246원 (-0.125%)
신규 거래 상태: 가능
------------------------------------------------------------
[보유] ZECUSDT      SHORT | 현재가 530.76000000 | 가격 +0.961% | 수수료반영 +0.861% | +861원
[보유] BNBUSDT      SHORT | 현재가 564.41000000 | 가격 +0.930% | 수수료반영 +0.830% | +830원
[보유] DOGEUSDT     SHORT | 현재가 0.07138000 | 가격 +0.307% | 수수료반영 +0.207% | +207원
[보유] ZECUSDT      SHORT | 현재가 530.80000000 | 가격 +0.954% | 수수료반영 +0.854% | +854원
[보유] BNBUSDT      SHORT | 현재가 564.41000000 | 가격 +0.930% | 수수료반영 +0.830% | +830원
[보유] DOGEUSDT     SHORT | 현재가 0.07140000 | 가격 +0.279% | 수수료반영 +0.179% | +179원
[보유] ZECUSDT      SHORT | 현재가 530.82000000 | 가격 +0.950% | 수수료반영 +0.850% | +850원
[보유] BNBUSDT      SHORT | 현재가 564.38000000 | 가격 +0.936% | 수수료반영 +0.836% | +836원
[보유] DOGEUSDT     SHORT | 현재가 0.07139000 | 가격 +0.293% | 수수료반영 +0.193% | +193원
[보유] ZECUSDT      SHORT | 현재가 530.69000000 | 가격 +0.974% | 수수료반영 +0.874% | +874원
[보유] BNBUSDT      SHORT | 현재가 564.29000000 | 가격 +0.951% | 수수료반영 +0.851% | +851원
[보유] DOGEUSDT     SHORT | 현재가 0.07136000 | 가격 +0.335% | 수수료반영 +0.235% | +235원
[보유] ZECUSDT      SHORT | 현재가 530.86000000 | 가격 +0.942% | 수수료반영 +0.842% | +842원
[보유] BNBUSDT      SHORT | 현재가 564.29000000 | 가격 +0.951% | 수수료반영 +0.851% | +851원
[보유] DOGEUSDT     SHORT | 현재가 0.07136000 | 가격 +0.335% | 수수료반영 +0.235% | +235원
[보유] ZECUSDT      SHORT | 현재가 530.89000000 | 가격 +0.937% | 수수료반영 +0.837% | +837원
[보유] BNBUSDT      SHORT | 현재가 564.28000000 | 가격 +0.953% | 수수료반영 +0.853% | +853원
[보유] DOGEUSDT     SHORT | 현재가 0.07136000 | 가격 +0.335% | 수수료반영 +0.235% | +235원
[보유] ZECUSDT      SHORT | 현재가 530.86000000 | 가격 +0.942% | 수수료반영 +0.842% | +842원
[보유] BNBUSDT      SHORT | 현재가 564.35000000 | 가격 +0.941% | 수수료반영 +0.841% | +841원
[보유] DOGEUSDT     SHORT | 현재가 0.07138000 | 가격 +0.307% | 수수료반영 +0.207% | +207원
[보유] ZECUSDT      SHORT | 현재가 530.76000000 | 가격 +0.961% | 수수료반영 +0.861% | +861원
[보유] BNBUSDT      SHORT | 현재가 564.28000000 | 가격 +0.953% | 수수료반영 +0.853% | +853원
[보유] DOGEUSDT     SHORT | 현재가 0.07137000 | 가격 +0.321% | 수수료반영 +0.221% | +221원
[보유] ZECUSDT      SHORT | 현재가 530.76000000 | 가격 +0.961% | 수수료반영 +0.861% | +861원
[보유] BNBUSDT      SHORT | 현재가 564.29000000 | 가격 +0.951% | 수수료반영 +0.851% | +851원
[보유] DOGEUSDT     SHORT | 현재가 0.07136000 | 가격 +0.335% | 수수료반영 +0.235% | +235원
[보유] ZECUSDT      SHORT | 현재가 530.82000000 | 가격 +0.950% | 수수료반영 +0.850% | +850원
[보유] BNBUSDT      SHORT | 현재가 564.43000000 | 가격 +0.927% | 수수료반영 +0.827% | +827원
[보유] DOGEUSDT     SHORT | 현재가 0.07136000 | 가격 +0.335% | 수수료반영 +0.235% | +235원
[보유] ZECUSDT      SHORT | 현재가 531.02000000 | 가격 +0.912% | 수수료반영 +0.812% | +812원
[보유] BNBUSDT      SHORT | 현재가 564.45000000 | 가격 +0.923% | 수수료반영 +0.823% | +823원
[보유] DOGEUSDT     SHORT | 현재가 0.07136000 | 가격 +0.335% | 수수료반영 +0.235% | +235원
[보유] ZECUSDT      SHORT | 현재가 530.99000000 | 가격 +0.918% | 수수료반영 +0.818% | +818원
[보유] BNBUSDT      SHORT | 현재가 564.45000000 | 가격 +0.923% | 수수료반영 +0.823% | +823원
[보유] DOGEUSDT     SHORT | 현재가 0.07136000 | 가격 +0.335% | 수수료반영 +0.235% | +235원
[보유] ZECUSDT      SHORT | 현재가 530.94000000 | 가격 +0.927% | 수수료반영 +0.827% | +827원
[보유] BNBUSDT      SHORT | 현재가 564.45000000 | 가격 +0.923% | 수수료반영 +0.823% | +823원
[보유] DOGEUSDT     SHORT | 현재가 0.07136000 | 가격 +0.335% | 수수료반영 +0.235% | +235원
시장 스캔을 시작합니다.
===========================================================================
안전 필터 적용 시장 스캔
===========================================================================
최소 상장 기간: 30일
24시간 과열 제외: ±20.0% 이상
최소 진입 점수: 45점
안전 필터 통과 종목: 518개
24시간 ±20% 과열 제외: 5개
분석 대상: 거래대금 상위 20개
 1/20 BTCUSDT        상승 | 5분 +0.054% | 24시간 -1.92% | RSI 63.0
 2/20 ETHUSDT        상승 | 5분 +0.015% | 24시간 -2.92% | RSI 64.2
 3/20 SOLUSDT        하락 | 5분 -0.027% | 24시간 -2.10% | RSI 55.7
 4/20 HYPEUSDT       상승 | 5분 +0.185% | 24시간 -9.74% | RSI 68.1
 5/20 ZECUSDT        하락 | 5분 +0.024% | 24시간 -4.40% | RSI 55.1
 6/20 XRPUSDT        상승 | 5분 +0.037% | 24시간 -1.94% | RSI 63.5
 7/20 DOGEUSDT       하락 | 5분 -0.084% | 24시간 -2.31% | RSI 51.1
 8/20 ONDOUSDT       상승 | 5분 +0.330% | 24시간 -0.73% | RSI 57.6
 9/20 BNBUSDT        하락 | 5분 +0.011% | 24시간 -2.20% | RSI 48.0
10/20 NEARUSDT       하락 | 5분 +0.264% | 24시간 -6.64% | RSI 43.3
11/20 LABUSDT        상승 | 5분 -0.109% | 24시간 -14.24% | RSI 64.4
12/20 BANKUSDT       상승 | 5분 +0.418% | 24시간 +16.35% | RSI 69.3
13/20 1000PEPEUSDT   상승 | 5분 +0.081% | 24시간 +0.77% | RSI 75.3
14/20 USUSDT         하락 | 5분 +1.558% | 24시간 +9.87% | RSI 61.3
15/20 WLDUSDT        하락 | 5분 +0.106% | 24시간 -5.22% | RSI 60.0
16/20 SUIUSDT        하락 | 5분 +0.041% | 24시간 -1.41% | RSI 58.3
17/20 KAITOUSDT      상승 | 5분 -0.148% | 24시간 +18.44% | RSI 49.7
18/20 ADAUSDT        상승 | 5분 +0.188% | 24시간 -1.42% | RSI 72.6
19/20 MANTRAUSDT     하락 | 5분 -0.330% | 24시간 +4.03% | RSI 36.5
20/20 PUMPUSDT       하락 | 5분 -0.183% | 24시간 +1.17% | RSI 48.2
가상 진입 후보
NEARUSDT     SHORT 80점
BTCUSDT      LONG  65점
HYPEUSDT     LONG  55점
ONDOUSDT     LONG  55점
USUSDT       SHORT 55점
최대 포지션 개수에 도달했습니다.
======================================================================
가상잔고: 998,754원
보유 포지션: 3/3
- ZECUSDT      SHORT | 진입가 535.91000000 | 투입금 100,000원
- BNBUSDT      SHORT | 진입가 569.71000000 | 투입금 100,000원
- DOGEUSDT     SHORT | 진입가 0.07160000 | 투입금 99,875원
======================================================================
------------------------------------------------------------
오늘 실현손익: -1,246원 (-0.125%)
신규 거래 상태: 가능
------------------------------------------------------------
[보유] ZECUSDT      SHORT | 현재가 530.94000000 | 가격 +0.927% | 수수료반영 +0.827% | +827원
[보유] BNBUSDT      SHORT | 현재가 564.46000000 | 가격 +0.922% | 수수료반영 +0.822% | +822원
[보유] DOGEUSDT     SHORT | 현재가 0.07136000 | 가격 +0.335% | 수수료반영 +0.235% | +235원
[보유] ZECUSDT      SHORT | 현재가 530.94000000 | 가격 +0.927% | 수수료반영 +0.827% | +827원
[보유] BNBUSDT      SHORT | 현재가 564.46000000 | 가격 +0.922% | 수수료반영 +0.822% | +822원
[보유] DOGEUSDT     SHORT | 현재가 0.07137000 | 가격 +0.321% | 수수료반영 +0.221% | +221원
[보유] ZECUSDT      SHORT | 현재가 531.22000000 | 가격 +0.875% | 수수료반영 +0.775% | +775원
[보유] BNBUSDT      SHORT | 현재가 564.46000000 | 가격 +0.922% | 수수료반영 +0.822% | +822원
[보유] DOGEUSDT     SHORT | 현재가 0.07137000 | 가격 +0.321% | 수수료반영 +0.221% | +221원
[보유] ZECUSDT      SHORT | 현재가 531.32000000 | 가격 +0.856% | 수수료반영 +0.756% | +756원
[보유] BNBUSDT      SHORT | 현재가 564.46000000 | 가격 +0.922% | 수수료반영 +0.822% | +822원
[보유] DOGEUSDT     SHORT | 현재가 0.07138000 | 가격 +0.307% | 수수료반영 +0.207% | +207원
[보유] ZECUSDT      SHORT | 현재가 530.95000000 | 가격 +0.926% | 수수료반영 +0.826% | +826원
[보유] BNBUSDT      SHORT | 현재가 564.46000000 | 가격 +0.922% | 수수료반영 +0.822% | +822원
[보유] DOGEUSDT     SHORT | 현재가 0.07137000 | 가격 +0.321% | 수수료반영 +0.221% | +221원
[보유] ZECUSDT      SHORT | 현재가 530.95000000 | 가격 +0.926% | 수수료반영 +0.826% | +826원
[보유] BNBUSDT      SHORT | 현재가 564.44000000 | 가격 +0.925% | 수수료반영 +0.825% | +825원
[보유] DOGEUSDT     SHORT | 현재가 0.07137000 | 가격 +0.321% | 수수료반영 +0.221% | +221원
[보유] ZECUSDT      SHORT | 현재가 531.05000000 | 가격 +0.907% | 수수료반영 +0.807% | +807원
[보유] BNBUSDT      SHORT | 현재가 564.49000000 | 가격 +0.916% | 수수료반영 +0.816% | +816원
[보유] DOGEUSDT     SHORT | 현재가 0.07140000 | 가격 +0.279% | 수수료반영 +0.179% | +179원
[보유] ZECUSDT      SHORT | 현재가 531.39000000 | 가격 +0.843% | 수수료반영 +0.743% | +743원
[보유] BNBUSDT      SHORT | 현재가 564.49000000 | 가격 +0.916% | 수수료반영 +0.816% | +816원
[보유] DOGEUSDT     SHORT | 현재가 0.07141000 | 가격 +0.265% | 수수료반영 +0.165% | +165원
[보유] ZECUSDT      SHORT | 현재가 531.39000000 | 가격 +0.843% | 수수료반영 +0.743% | +743원
[보유] BNBUSDT      SHORT | 현재가 564.60000000 | 가격 +0.897% | 수수료반영 +0.797% | +797원
[보유] DOGEUSDT     SHORT | 현재가 0.07142000 | 가격 +0.251% | 수수료반영 +0.151% | +151원
[보유] ZECUSDT      SHORT | 현재가 531.34000000 | 가격 +0.853% | 수수료반영 +0.753% | +753원
[보유] BNBUSDT      SHORT | 현재가 564.65000000 | 가격 +0.888% | 수수료반영 +0.788% | +788원
[보유] DOGEUSDT     SHORT | 현재가 0.07143000 | 가격 +0.237% | 수수료반영 +0.137% | +137원
[보유] ZECUSDT      SHORT | 현재가 531.48000000 | 가격 +0.827% | 수수료반영 +0.727% | +727원
[보유] BNBUSDT      SHORT | 현재가 564.67000000 | 가격 +0.885% | 수수료반영 +0.785% | +785원
[보유] DOGEUSDT     SHORT | 현재가 0.07143000 | 가격 +0.237% | 수수료반영 +0.137% | +137원
[보유] ZECUSDT      SHORT | 현재가 531.66000000 | 가격 +0.793% | 수수료반영 +0.693% | +693원
[보유] BNBUSDT      SHORT | 현재가 564.73000000 | 가격 +0.874% | 수수료반영 +0.774% | +774원
[보유] DOGEUSDT     SHORT | 현재가 0.07145000 | 가격 +0.209% | 수수료반영 +0.109% | +109원
[보유] ZECUSDT      SHORT | 현재가 531.93000000 | 가격 +0.743% | 수수료반영 +0.643% | +643원
[보유] BNBUSDT      SHORT | 현재가 564.75000000 | 가격 +0.871% | 수수료반영 +0.771% | +771원
[보유] DOGEUSDT     SHORT | 현재가 0.07144000 | 가격 +0.223% | 수수료반영 +0.123% | +123원
시장 스캔을 시작합니다.
===========================================================================
안전 필터 적용 시장 스캔
===========================================================================
최소 상장 기간: 30일
24시간 과열 제외: ±20.0% 이상
최소 진입 점수: 45점
안전 필터 통과 종목: 518개
24시간 ±20% 과열 제외: 5개
분석 대상: 거래대금 상위 20개
 1/20 BTCUSDT        상승 | 5분 +0.004% | 24시간 -1.90% | RSI 63.1
 2/20 ETHUSDT        상승 | 5분 -0.040% | 24시간 -2.87% | RSI 62.9
 3/20 SOLUSDT        하락 | 5분 -0.081% | 24시간 -2.05% | RSI 54.5
 4/20 HYPEUSDT       상승 | 5분 +0.229% | 24시간 -9.67% | RSI 69.3
 5/20 ZECUSDT        하락 | 5분 +0.051% | 24시간 -4.18% | RSI 57.5
 6/20 XRPUSDT        상승 | 5분 -0.018% | 24시간 -1.85% | RSI 65.3
 7/20 DOGEUSDT       하락 | 5분 -0.098% | 24시간 -2.20% | RSI 51.1
 8/20 ONDOUSDT       상승 | 5분 +0.303% | 24시간 -0.63% | RSI 59.7
 9/20 BNBUSDT        하락 | 5분 +0.043% | 24시간 -2.15% | RSI 51.9
10/20 NEARUSDT       하락 | 5분 +0.158% | 24시간 -6.45% | RSI 42.0
11/20 LABUSDT        상승 | 5분 -0.109% | 24시간 -14.42% | RSI 59.4
12/20 BANKUSDT       상승 | 5분 +0.696% | 24시간 +16.29% | RSI 72.7
13/20 1000PEPEUSDT   상승 | 5분 +0.278% | 24시간 +1.22% | RSI 80.7
14/20 USUSDT         하락 | 5분 +1.295% | 24시간 +10.76% | RSI 63.9
15/20 WLDUSDT        하락 | 5분 +0.079% | 24시간 -5.00% | RSI 61.1
16/20 SUIUSDT        하락 | 5분 +0.000% | 24시간 -1.33% | RSI 59.6
17/20 KAITOUSDT      상승 | 5분 +0.457% | 24시간 +19.11% | RSI 56.4
18/20 ADAUSDT        상승 | 5분 +0.063% | 24시간 -1.36% | RSI 72.7
19/20 MANTRAUSDT     하락 | 5분 -0.255% | 24시간 +4.58% | RSI 38.7
20/20 PUMPUSDT       하락 | 5분 -0.061% | 24시간 +1.42% | RSI 52.2
가상 진입 후보
ONDOUSDT     LONG  90점
KAITOUSDT    LONG  90점
SOLUSDT      SHORT 80점
BANKUSDT     LONG  75점
LABUSDT      LONG  50점
최대 포지션 개수에 도달했습니다.
======================================================================
가상잔고: 998,754원
보유 포지션: 3/3
- ZECUSDT      SHORT | 진입가 535.91000000 | 투입금 100,000원
- BNBUSDT      SHORT | 진입가 569.71000000 | 투입금 100,000원
- DOGEUSDT     SHORT | 진입가 0.07160000 | 투입금 99,875원
======================================================================
------------------------------------------------------------
오늘 실현손익: -1,246원 (-0.125%)
신규 거래 상태: 가능
------------------------------------------------------------
[보유] ZECUSDT      SHORT | 현재가 531.81000000 | 가격 +0.765% | 수수료반영 +0.665% | +665원
[보유] BNBUSDT      SHORT | 현재가 564.75000000 | 가격 +0.871% | 수수료반영 +0.771% | +771원
[보유] DOGEUSDT     SHORT | 현재가 0.07144000 | 가격 +0.223% | 수수료반영 +0.123% | +123원
[보유] ZECUSDT      SHORT | 현재가 531.77000000 | 가격 +0.773% | 수수료반영 +0.673% | +673원
[보유] BNBUSDT      SHORT | 현재가 564.70000000 | 가격 +0.879% | 수수료반영 +0.779% | +779원
[보유] DOGEUSDT     SHORT | 현재가 0.07143000 | 가격 +0.237% | 수수료반영 +0.137% | +137원
[보유] ZECUSDT      SHORT | 현재가 531.77000000 | 가격 +0.773% | 수수료반영 +0.673% | +673원
[보유] BNBUSDT      SHORT | 현재가 564.69000000 | 가격 +0.881% | 수수료반영 +0.781% | +781원
[보유] DOGEUSDT     SHORT | 현재가 0.07142000 | 가격 +0.251% | 수수료반영 +0.151% | +151원
[보유] ZECUSDT      SHORT | 현재가 531.51000000 | 가격 +0.821% | 수수료반영 +0.721% | +721원
[보유] BNBUSDT      SHORT | 현재가 564.66000000 | 가격 +0.886% | 수수료반영 +0.786% | +786원
[보유] DOGEUSDT     SHORT | 현재가 0.07143000 | 가격 +0.237% | 수수료반영 +0.137% | +137원
[보유] ZECUSDT      SHORT | 현재가 531.54000000 | 가격 +0.815% | 수수료반영 +0.715% | +715원
[보유] BNBUSDT      SHORT | 현재가 564.66000000 | 가격 +0.886% | 수수료반영 +0.786% | +786원
[보유] DOGEUSDT     SHORT | 현재가 0.07142000 | 가격 +0.251% | 수수료반영 +0.151% | +151원
[보유] ZECUSDT      SHORT | 현재가 531.54000000 | 가격 +0.815% | 수수료반영 +0.715% | +715원
[보유] BNBUSDT      SHORT | 현재가 564.66000000 | 가격 +0.886% | 수수료반영 +0.786% | +786원
[보유] DOGEUSDT     SHORT | 현재가 0.07143000 | 가격 +0.237% | 수수료반영 +0.137% | +137원
[보유] ZECUSDT      SHORT | 현재가 531.43000000 | 가격 +0.836% | 수수료반영 +0.736% | +736원
[보유] BNBUSDT      SHORT | 현재가 564.64000000 | 가격 +0.890% | 수수료반영 +0.790% | +790원
[보유] DOGEUSDT     SHORT | 현재가 0.07143000 | 가격 +0.237% | 수수료반영 +0.137% | +137원
[보유] ZECUSDT      SHORT | 현재가 531.69000000 | 가격 +0.787% | 수수료반영 +0.687% | +687원
[보유] BNBUSDT      SHORT | 현재가 564.58000000 | 가격 +0.900% | 수수료반영 +0.800% | +800원
[보유] DOGEUSDT     SHORT | 현재가 0.07142000 | 가격 +0.251% | 수수료반영 +0.151% | +151원
[보유] ZECUSDT      SHORT | 현재가 531.75000000 | 가격 +0.776% | 수수료반영 +0.676% | +676원
[보유] BNBUSDT      SHORT | 현재가 564.58000000 | 가격 +0.900% | 수수료반영 +0.800% | +800원
[보유] DOGEUSDT     SHORT | 현재가 0.07143000 | 가격 +0.237% | 수수료반영 +0.137% | +137원
[보유] ZECUSDT      SHORT | 현재가 531.75000000 | 가격 +0.776% | 수수료반영 +0.676% | +676원
[보유] BNBUSDT      SHORT | 현재가 564.58000000 | 가격 +0.900% | 수수료반영 +0.800% | +800원
[보유] DOGEUSDT     SHORT | 현재가 0.07144000 | 가격 +0.223% | 수수료반영 +0.123% | +123원
[보유] ZECUSDT      SHORT | 현재가 531.51000000 | 가격 +0.821% | 수수료반영 +0.721% | +721원
[보유] BNBUSDT      SHORT | 현재가 564.58000000 | 가격 +0.900% | 수수료반영 +0.800% | +800원
[보유] DOGEUSDT     SHORT | 현재가 0.07143000 | 가격 +0.237% | 수수료반영 +0.137% | +137원
[보유] ZECUSDT      SHORT | 현재가 531.40000000 | 가격 +0.842% | 수수료반영 +0.742% | +742원
[보유] BNBUSDT      SHORT | 현재가 564.58000000 | 가격 +0.900% | 수수료반영 +0.800% | +800원
[보유] DOGEUSDT     SHORT | 현재가 0.07144000 | 가격 +0.223% | 수수료반영 +0.123% | +123원
[보유] ZECUSDT      SHORT | 현재가 531.48000000 | 가격 +0.827% | 수수료반영 +0.727% | +727원
[보유] BNBUSDT      SHORT | 현재가 564.60000000 | 가격 +0.897% | 수수료반영 +0.797% | +797원
[보유] DOGEUSDT     SHORT | 현재가 0.07145000 | 가격 +0.209% | 수수료반영 +0.109% | +109원
시장 스캔을 시작합니다.
===========================================================================
안전 필터 적용 시장 스캔
===========================================================================
최소 상장 기간: 30일
24시간 과열 제외: ±20.0% 이상
최소 진입 점수: 45점
안전 필터 통과 종목: 518개
24시간 ±20% 과열 제외: 5개
분석 대상: 거래대금 상위 20개
 1/20 BTCUSDT        상승 | 5분 +0.007% | 24시간 -1.90% | RSI 58.4
 2/20 ETHUSDT        상승 | 5분 -0.045% | 24시간 -2.89% | RSI 60.8
 3/20 SOLUSDT        하락 | 5분 -0.040% | 24시간 -2.01% | RSI 54.5
 4/20 HYPEUSDT       상승 | 5분 +0.242% | 24시간 -9.51% | RSI 69.4
 5/20 ZECUSDT        하락 | 5분 +0.160% | 24시간 -4.23% | RSI 58.7
 6/20 XRPUSDT        상승 | 5분 +0.065% | 24시간 -1.86% | RSI 66.5
 7/20 DOGEUSDT       하락 | 5분 +0.126% | 24시간 -2.15% | RSI 55.3
 8/20 ONDOUSDT       상승 | 5분 +0.082% | 24시간 -0.35% | RSI 59.7
 9/20 BNBUSDT        하락 | 5분 +0.090% | 24시간 -2.14% | RSI 55.3
10/20 NEARUSDT       하락 | 5분 +0.317% | 24시간 -6.36% | RSI 43.8
11/20 LABUSDT        상승 | 5분 -0.380% | 24시간 -14.30% | RSI 61.4
12/20 BANKUSDT       상승 | 5분 +0.727% | 24시간 +17.19% | RSI 73.0
13/20 1000PEPEUSDT   상승 | 5분 +0.461% | 24시간 +1.22% | RSI 83.4
14/20 USUSDT         하락 | 5분 +0.810% | 24시간 +10.45% | RSI 59.5
15/20 WLDUSDT        하락 | 5분 +0.159% | 24시간 -4.90% | RSI 62.2
16/20 SUIUSDT        하락 | 5분 +0.082% | 24시간 -1.29% | RSI 62.2
17/20 KAITOUSDT      상승 | 5분 +0.757% | 24시간 +19.36% | RSI 55.7
18/20 ADAUSDT        상승 | 5분 +0.188% | 24시간 -1.11% | RSI 74.7
19/20 MANTRAUSDT     하락 | 5분 +0.150% | 24시간 +4.79% | RSI 51.0
20/20 PUMPUSDT       하락 | 5분 +0.183% | 24시간 +1.42% | RSI 52.2
가상 진입 후보
KAITOUSDT    LONG  75점
ZECUSDT      SHORT 60점
BNBUSDT      SHORT 55점
BANKUSDT     LONG  55점
BTCUSDT      LONG  50점
최대 포지션 개수에 도달했습니다.
======================================================================
가상잔고: 998,754원
보유 포지션: 3/3
- ZECUSDT      SHORT | 진입가 535.91000000 | 투입금 100,000원
- BNBUSDT      SHORT | 진입가 569.71000000 | 투입금 100,000원
- DOGEUSDT     SHORT | 진입가 0.07160000 | 투입금 99,875원
======================================================================
------------------------------------------------------------
오늘 실현손익: -1,246원 (-0.125%)
신규 거래 상태: 가능
------------------------------------------------------------
[보유] ZECUSDT      SHORT | 현재가 531.52000000 | 가격 +0.819% | 수수료반영 +0.719% | +719원
[보유] BNBUSDT      SHORT | 현재가 564.60000000 | 가격 +0.897% | 수수료반영 +0.797% | +797원
[보유] DOGEUSDT     SHORT | 현재가 0.07145000 | 가격 +0.209% | 수수료반영 +0.109% | +109원
[보유] ZECUSDT      SHORT | 현재가 531.53000000 | 가격 +0.817% | 수수료반영 +0.717% | +717원
[보유] BNBUSDT      SHORT | 현재가 564.72000000 | 가격 +0.876% | 수수료반영 +0.776% | +776원
[보유] DOGEUSDT     SHORT | 현재가 0.07145000 | 가격 +0.209% | 수수료반영 +0.109% | +109원
[보유] ZECUSDT      SHORT | 현재가 531.49000000 | 가격 +0.825% | 수수료반영 +0.725% | +725원
[보유] BNBUSDT      SHORT | 현재가 564.77000000 | 가격 +0.867% | 수수료반영 +0.767% | +767원
[보유] DOGEUSDT     SHORT | 현재가 0.07145000 | 가격 +0.209% | 수수료반영 +0.109% | +109원
[보유] ZECUSDT      SHORT | 현재가 531.54000000 | 가격 +0.815% | 수수료반영 +0.715% | +715원
[보유] BNBUSDT      SHORT | 현재가 564.77000000 | 가격 +0.867% | 수수료반영 +0.767% | +767원
[보유] DOGEUSDT     SHORT | 현재가 0.07146000 | 가격 +0.196% | 수수료반영 +0.096% | +95원
[보유] ZECUSDT      SHORT | 현재가 531.56000000 | 가격 +0.812% | 수수료반영 +0.712% | +712원
[보유] BNBUSDT      SHORT | 현재가 564.77000000 | 가격 +0.867% | 수수료반영 +0.767% | +767원
[보유] DOGEUSDT     SHORT | 현재가 0.07147000 | 가격 +0.182% | 수수료반영 +0.082% | +81원
[보유] ZECUSDT      SHORT | 현재가 531.66000000 | 가격 +0.793% | 수수료반영 +0.693% | +693원
[보유] BNBUSDT      SHORT | 현재가 564.85000000 | 가격 +0.853% | 수수료반영 +0.753% | +753원
[보유] DOGEUSDT     SHORT | 현재가 0.07147000 | 가격 +0.182% | 수수료반영 +0.082% | +81원
[보유] ZECUSDT      SHORT | 현재가 531.80000000 | 가격 +0.767% | 수수료반영 +0.667% | +667원
[보유] BNBUSDT      SHORT | 현재가 564.85000000 | 가격 +0.853% | 수수료반영 +0.753% | +753원
[보유] DOGEUSDT     SHORT | 현재가 0.07147000 | 가격 +0.182% | 수수료반영 +0.082% | +81원
[보유] ZECUSDT      SHORT | 현재가 531.84000000 | 가격 +0.759% | 수수료반영 +0.659% | +659원
[보유] BNBUSDT      SHORT | 현재가 564.84000000 | 가격 +0.855% | 수수료반영 +0.755% | +755원
[보유] DOGEUSDT     SHORT | 현재가 0.07149000 | 가격 +0.154% | 수수료반영 +0.054% | +54원
[보유] ZECUSDT      SHORT | 현재가 531.57000000 | 가격 +0.810% | 수수료반영 +0.710% | +710원
[보유] BNBUSDT      SHORT | 현재가 564.86000000 | 가격 +0.851% | 수수료반영 +0.751% | +751원
[보유] DOGEUSDT     SHORT | 현재가 0.07149000 | 가격 +0.154% | 수수료반영 +0.054% | +54원
[보유] ZECUSDT      SHORT | 현재가 531.57000000 | 가격 +0.810% | 수수료반영 +0.710% | +710원
[보유] BNBUSDT      SHORT | 현재가 564.86000000 | 가격 +0.851% | 수수료반영 +0.751% | +751원
[보유] DOGEUSDT     SHORT | 현재가 0.07149000 | 가격 +0.154% | 수수료반영 +0.054% | +54원
[보유] ZECUSDT      SHORT | 현재가 531.38000000 | 가격 +0.845% | 수수료반영 +0.745% | +745원
[보유] BNBUSDT      SHORT | 현재가 564.86000000 | 가격 +0.851% | 수수료반영 +0.751% | +751원
[보유] DOGEUSDT     SHORT | 현재가 0.07150000 | 가격 +0.140% | 수수료반영 +0.040% | +40원
[보유] ZECUSDT      SHORT | 현재가 531.43000000 | 가격 +0.836% | 수수료반영 +0.736% | +736원
[보유] BNBUSDT      SHORT | 현재가 564.86000000 | 가격 +0.851% | 수수료반영 +0.751% | +751원
[보유] DOGEUSDT     SHORT | 현재가 0.07149000 | 가격 +0.154% | 수수료반영 +0.054% | +54원
[보유] ZECUSDT      SHORT | 현재가 531.38000000 | 가격 +0.845% | 수수료반영 +0.745% | +745원
[보유] BNBUSDT      SHORT | 현재가 564.92000000 | 가격 +0.841% | 수수료반영 +0.741% | +741원
[보유] DOGEUSDT     SHORT | 현재가 0.07150000 | 가격 +0.140% | 수수료반영 +0.040% | +40원
시장 스캔을 시작합니다.
===========================================================================
안전 필터 적용 시장 스캔
===========================================================================
최소 상장 기간: 30일
24시간 과열 제외: ±20.0% 이상
최소 진입 점수: 45점
안전 필터 통과 종목: 518개
24시간 ±20% 과열 제외: 5개
분석 대상: 거래대금 상위 20개
 1/20 BTCUSDT        상승 | 5분 +0.023% | 24시간 -1.87% | RSI 61.8
 2/20 ETHUSDT        상승 | 5분 +0.007% | 24시간 -2.81% | RSI 64.8
 3/20 SOLUSDT        하락 | 5분 +0.027% | 24시간 -1.99% | RSI 59.7
 4/20 HYPEUSDT       상승 | 5분 +0.294% | 24시간 -9.41% | RSI 73.0
 5/20 ZECUSDT        하락 | 5분 +0.209% | 24시간 -4.06% | RSI 61.8
 6/20 XRPUSDT        상승 | 5분 +0.101% | 24시간 -1.88% | RSI 69.7
 7/20 DOGEUSDT       하락 | 5분 +0.154% | 24시간 -2.11% | RSI 59.9
 8/20 ONDOUSDT       상승 | 5분 +0.082% | 24시간 -0.46% | RSI 64.5
 9/20 BNBUSDT        하락 | 5분 +0.083% | 24시간 -2.16% | RSI 58.0
10/20 NEARUSDT       하락 | 5분 +0.370% | 24시간 -6.26% | RSI 49.1
11/20 LABUSDT        상승 | 5분 +0.055% | 24시간 -13.88% | RSI 61.8
12/20 BANKUSDT       상승 | 5분 +0.725% | 24시간 +17.54% | RSI 74.4
13/20 1000PEPEUSDT   상승 | 5분 +0.531% | 24시간 +1.09% | RSI 84.4
14/20 USUSDT         하락 | 5분 +0.698% | 24시간 +12.43% | RSI 59.4
15/20 WLDUSDT        하락 | 5분 +0.185% | 24시간 -4.87% | RSI 67.3
16/20 SUIUSDT        하락 | 5분 +0.124% | 24시간 -1.22% | RSI 65.2
17/20 KAITOUSDT      상승 | 5분 +0.046% | 24시간 +19.45% | RSI 51.1
18/20 ADAUSDT        상승 | 5분 +0.314% | 24시간 -1.17% | RSI 78.2
19/20 MANTRAUSDT     하락 | 5분 +0.300% | 24시간 +4.82% | RSI 56.5
20/20 PUMPUSDT       하락 | 5분 +0.305% | 24시간 +1.42% | RSI 57.8
가상 진입 후보
BANKUSDT     LONG  55점
MANTRAUSDT   SHORT 55점
ETHUSDT      LONG  50점
ONDOUSDT     LONG  50점
LABUSDT      LONG  50점
최대 포지션 개수에 도달했습니다.
======================================================================
가상잔고: 998,754원
보유 포지션: 3/3
- ZECUSDT      SHORT | 진입가 535.91000000 | 투입금 100,000원
- BNBUSDT      SHORT | 진입가 569.71000000 | 투입금 100,000원
- DOGEUSDT     SHORT | 진입가 0.07160000 | 투입금 99,875원
======================================================================
------------------------------------------------------------
오늘 실현손익: -1,246원 (-0.125%)
신규 거래 상태: 가능
------------------------------------------------------------
[보유] ZECUSDT      SHORT | 현재가 531.38000000 | 가격 +0.845% | 수수료반영 +0.745% | +745원
[보유] BNBUSDT      SHORT | 현재가 564.95000000 | 가격 +0.836% | 수수료반영 +0.736% | +736원
[보유] DOGEUSDT     SHORT | 현재가 0.07150000 | 가격 +0.140% | 수수료반영 +0.040% | +40원
[보유] ZECUSDT      SHORT | 현재가 531.47000000 | 가격 +0.828% | 수수료반영 +0.728% | +728원
[보유] BNBUSDT      SHORT | 현재가 564.95000000 | 가격 +0.836% | 수수료반영 +0.736% | +736원
[보유] DOGEUSDT     SHORT | 현재가 0.07151000 | 가격 +0.126% | 수수료반영 +0.026% | +26원
[보유] ZECUSDT      SHORT | 현재가 531.09000000 | 가격 +0.899% | 수수료반영 +0.799% | +799원
[보유] BNBUSDT      SHORT | 현재가 564.94000000 | 가격 +0.837% | 수수료반영 +0.737% | +737원
[보유] DOGEUSDT     SHORT | 현재가 0.07151000 | 가격 +0.126% | 수수료반영 +0.026% | +26원
[보유] ZECUSDT      SHORT | 현재가 531.09000000 | 가격 +0.899% | 수수료반영 +0.799% | +799원
[보유] BNBUSDT      SHORT | 현재가 564.94000000 | 가격 +0.837% | 수수료반영 +0.737% | +737원
[보유] DOGEUSDT     SHORT | 현재가 0.07151000 | 가격 +0.126% | 수수료반영 +0.026% | +26원
[보유] ZECUSDT      SHORT | 현재가 530.90000000 | 가격 +0.935% | 수수료반영 +0.835% | +835원
[보유] BNBUSDT      SHORT | 현재가 564.95000000 | 가격 +0.836% | 수수료반영 +0.736% | +736원
[보유] DOGEUSDT     SHORT | 현재가 0.07151000 | 가격 +0.126% | 수수료반영 +0.026% | +26원
[보유] ZECUSDT      SHORT | 현재가 530.95000000 | 가격 +0.926% | 수수료반영 +0.826% | +826원
[보유] BNBUSDT      SHORT | 현재가 565.00000000 | 가격 +0.827% | 수수료반영 +0.727% | +727원
[보유] DOGEUSDT     SHORT | 현재가 0.07151000 | 가격 +0.126% | 수수료반영 +0.026% | +26원
[보유] ZECUSDT      SHORT | 현재가 531.01000000 | 가격 +0.914% | 수수료반영 +0.814% | +814원
[보유] BNBUSDT      SHORT | 현재가 565.02000000 | 가격 +0.823% | 수수료반영 +0.723% | +723원
[보유] DOGEUSDT     SHORT | 현재가 0.07150000 | 가격 +0.140% | 수수료반영 +0.040% | +40원
[보유] ZECUSDT      SHORT | 현재가 530.99000000 | 가격 +0.918% | 수수료반영 +0.818% | +818원
[보유] BNBUSDT      SHORT | 현재가 565.01000000 | 가격 +0.825% | 수수료반영 +0.725% | +725원
[보유] DOGEUSDT     SHORT | 현재가 0.07149000 | 가격 +0.154% | 수수료반영 +0.054% | +54원
[보유] ZECUSDT      SHORT | 현재가 531.09000000 | 가격 +0.899% | 수수료반영 +0.799% | +799원
[보유] BNBUSDT      SHORT | 현재가 565.01000000 | 가격 +0.825% | 수수료반영 +0.725% | +725원
[보유] DOGEUSDT     SHORT | 현재가 0.07149000 | 가격 +0.154% | 수수료반영 +0.054% | +54원
[보유] ZECUSDT      SHORT | 현재가 531.14000000 | 가격 +0.890% | 수수료반영 +0.790% | +790원
[보유] BNBUSDT      SHORT | 현재가 565.01000000 | 가격 +0.825% | 수수료반영 +0.725% | +725원
[보유] DOGEUSDT     SHORT | 현재가 0.07149000 | 가격 +0.154% | 수수료반영 +0.054% | +54원
[보유] ZECUSDT      SHORT | 현재가 531.15000000 | 가격 +0.888% | 수수료반영 +0.788% | +788원
[보유] BNBUSDT      SHORT | 현재가 565.01000000 | 가격 +0.825% | 수수료반영 +0.725% | +725원
[보유] DOGEUSDT     SHORT | 현재가 0.07150000 | 가격 +0.140% | 수수료반영 +0.040% | +40원
[보유] ZECUSDT      SHORT | 현재가 531.13000000 | 가격 +0.892% | 수수료반영 +0.792% | +792원
[보유] BNBUSDT      SHORT | 현재가 565.01000000 | 가격 +0.825% | 수수료반영 +0.725% | +725원
[보유] DOGEUSDT     SHORT | 현재가 0.07150000 | 가격 +0.140% | 수수료반영 +0.040% | +40원
[보유] ZECUSDT      SHORT | 현재가 531.18000000 | 가격 +0.883% | 수수료반영 +0.783% | +783원
[보유] BNBUSDT      SHORT | 현재가 565.06000000 | 가격 +0.816% | 수수료반영 +0.716% | +716원
[보유] DOGEUSDT     SHORT | 현재가 0.07151000 | 가격 +0.126% | 수수료반영 +0.026% | +26원
시장 스캔을 시작합니다.
===========================================================================
안전 필터 적용 시장 스캔
===========================================================================
최소 상장 기간: 30일
24시간 과열 제외: ±20.0% 이상
최소 진입 점수: 45점
안전 필터 통과 종목: 518개
24시간 ±20% 과열 제외: 5개
분석 대상: 거래대금 상위 20개
 1/20 BTCUSDT        상승 | 5분 +0.029% | 24시간 -1.83% | RSI 64.4
 2/20 ETHUSDT        상승 | 5분 +0.067% | 24시간 -2.73% | RSI 69.6
 3/20 SOLUSDT        상승 | 5분 +0.054% | 24시간 -1.95% | RSI 63.3
 4/20 HYPEUSDT       상승 | 5분 +0.323% | 24시간 -9.31% | RSI 73.7
 5/20 ZECUSDT        하락 | 5분 +0.008% | 24시간 -3.08% | RSI 58.3
 6/20 XRPUSDT        상승 | 5분 +0.083% | 24시간 -1.85% | RSI 69.7
 7/20 DOGEUSDT       하락 | 5분 +0.196% | 24시간 -2.08% | RSI 63.9
 8/20 ONDOUSDT       상승 | 5분 +0.164% | 24시간 -0.49% | RSI 67.1
 9/20 BNBUSDT        하락 | 5분 +0.103% | 24시간 -2.08% | RSI 60.8
10/20 NEARUSDT       하락 | 5분 +0.211% | 24시간 -6.36% | RSI 49.1
11/20 LABUSDT        상승 | 5분 -0.217% | 24시간 -13.97% | RSI 63.1
12/20 BANKUSDT       상승 | 5분 +1.223% | 24시간 +18.02% | RSI 76.3
13/20 1000PEPEUSDT   상승 | 5분 +0.458% | 24시간 +1.11% | RSI 79.8
14/20 USUSDT         하락 | 5분 +0.232% | 24시간 +13.60% | RSI 59.3
15/20 WLDUSDT        하락 | 5분 +0.159% | 24시간 -4.85% | RSI 67.3
16/20 SUIUSDT        하락 | 5분 +0.206% | 24시간 -1.17% | RSI 68.4
17/20 KAITOUSDT      상승 | 5분 +0.297% | 24시간 +19.89% | RSI 52.8
18/20 ADAUSDT        상승 | 5분 +0.188% | 24시간 -1.11% | RSI 78.2
19/20 MANTRAUSDT     하락 | 5분 +0.678% | 24시간 +4.91% | RSI 54.5
20/20 PUMPUSDT       하락 | 5분 +0.183% | 24시간 +1.36% | RSI 55.5
가상 진입 후보
HYPEUSDT     LONG  55점
BTCUSDT      LONG  50점
SOLUSDT      LONG  50점
ONDOUSDT     LONG  50점
KAITOUSDT    LONG  50점
최대 포지션 개수에 도달했습니다.
======================================================================
가상잔고: 998,754원
보유 포지션: 3/3
- ZECUSDT      SHORT | 진입가 535.91000000 | 투입금 100,000원
- BNBUSDT      SHORT | 진입가 569.71000000 | 투입금 100,000원
- DOGEUSDT     SHORT | 진입가 0.07160000 | 투입금 99,875원
======================================================================
------------------------------------------------------------
오늘 실현손익: -1,246원 (-0.125%)
신규 거래 상태: 가능
------------------------------------------------------------
[보유] ZECUSDT      SHORT | 현재가 531.18000000 | 가격 +0.883% | 수수료반영 +0.783% | +783원
[보유] BNBUSDT      SHORT | 현재가 565.08000000 | 가격 +0.813% | 수수료반영 +0.713% | +713원
[보유] DOGEUSDT     SHORT | 현재가 0.07151000 | 가격 +0.126% | 수수료반영 +0.026% | +26원
[보유] ZECUSDT      SHORT | 현재가 531.06000000 | 가격 +0.905% | 수수료반영 +0.805% | +805원
[보유] BNBUSDT      SHORT | 현재가 565.08000000 | 가격 +0.813% | 수수료반영 +0.713% | +713원
[보유] DOGEUSDT     SHORT | 현재가 0.07152000 | 가격 +0.112% | 수수료반영 +0.012% | +12원
[보유] ZECUSDT      SHORT | 현재가 530.99000000 | 가격 +0.918% | 수수료반영 +0.818% | +818원
[보유] BNBUSDT      SHORT | 현재가 565.22000000 | 가격 +0.788% | 수수료반영 +0.688% | +688원
[보유] DOGEUSDT     SHORT | 현재가 0.07152000 | 가격 +0.112% | 수수료반영 +0.012% | +12원
[보유] ZECUSDT      SHORT | 현재가 530.84000000 | 가격 +0.946% | 수수료반영 +0.846% | +846원
[보유] BNBUSDT      SHORT | 현재가 565.22000000 | 가격 +0.788% | 수수료반영 +0.688% | +688원
[보유] DOGEUSDT     SHORT | 현재가 0.07151000 | 가격 +0.126% | 수수료반영 +0.026% | +26원
[보유] ZECUSDT      SHORT | 현재가 530.77000000 | 가격 +0.959% | 수수료반영 +0.859% | +859원
[보유] BNBUSDT      SHORT | 현재가 565.06000000 | 가격 +0.816% | 수수료반영 +0.716% | +716원
[보유] DOGEUSDT     SHORT | 현재가 0.07151000 | 가격 +0.126% | 수수료반영 +0.026% | +26원
[보유] ZECUSDT      SHORT | 현재가 530.77000000 | 가격 +0.959% | 수수료반영 +0.859% | +859원
[보유] BNBUSDT      SHORT | 현재가 565.05000000 | 가격 +0.818% | 수수료반영 +0.718% | +718원
[보유] DOGEUSDT     SHORT | 현재가 0.07151000 | 가격 +0.126% | 수수료반영 +0.026% | +26원
[보유] ZECUSDT      SHORT | 현재가 530.78000000 | 가격 +0.957% | 수수료반영 +0.857% | +857원
[보유] BNBUSDT      SHORT | 현재가 565.16000000 | 가격 +0.799% | 수수료반영 +0.699% | +699원
[보유] DOGEUSDT     SHORT | 현재가 0.07151000 | 가격 +0.126% | 수수료반영 +0.026% | +26원
[보유] ZECUSDT      SHORT | 현재가 530.63000000 | 가격 +0.985% | 수수료반영 +0.885% | +885원
[보유] BNBUSDT      SHORT | 현재가 565.25000000 | 가격 +0.783% | 수수료반영 +0.683% | +683원
[보유] DOGEUSDT     SHORT | 현재가 0.07151000 | 가격 +0.126% | 수수료반영 +0.026% | +26원
[보유] ZECUSDT      SHORT | 현재가 530.33000000 | 가격 +1.041% | 수수료반영 +0.941% | +941원
[보유] BNBUSDT      SHORT | 현재가 565.17000000 | 가격 +0.797% | 수수료반영 +0.697% | +697원
[보유] DOGEUSDT     SHORT | 현재가 0.07150000 | 가격 +0.140% | 수수료반영 +0.040% | +40원
[보유] ZECUSDT      SHORT | 현재가 530.24000000 | 가격 +1.058% | 수수료반영 +0.958% | +958원
[보유] BNBUSDT      SHORT | 현재가 565.07000000 | 가격 +0.814% | 수수료반영 +0.714% | +714원
[보유] DOGEUSDT     SHORT | 현재가 0.07148000 | 가격 +0.168% | 수수료반영 +0.068% | +68원
[보유] ZECUSDT      SHORT | 현재가 530.33000000 | 가격 +1.041% | 수수료반영 +0.941% | +941원
[보유] BNBUSDT      SHORT | 현재가 565.04000000 | 가격 +0.820% | 수수료반영 +0.720% | +720원
[보유] DOGEUSDT     SHORT | 현재가 0.07148000 | 가격 +0.168% | 수수료반영 +0.068% | +68원
[보유] ZECUSDT      SHORT | 현재가 530.05000000 | 가격 +1.093% | 수수료반영 +0.993% | +993원
[보유] BNBUSDT      SHORT | 현재가 565.04000000 | 가격 +0.820% | 수수료반영 +0.720% | +720원
[보유] DOGEUSDT     SHORT | 현재가 0.07148000 | 가격 +0.168% | 수수료반영 +0.068% | +68원
[보유] ZECUSDT      SHORT | 현재가 529.92000000 | 가격 +1.118% | 수수료반영 +1.018% | +1,018원
[보유] BNBUSDT      SHORT | 현재가 565.06000000 | 가격 +0.816% | 수수료반영 +0.716% | +716원
[보유] DOGEUSDT     SHORT | 현재가 0.07147000 | 가격 +0.182% | 수수료반영 +0.082% | +81원
시장 스캔을 시작합니다.
===========================================================================
안전 필터 적용 시장 스캔
===========================================================================
최소 상장 기간: 30일
24시간 과열 제외: ±20.0% 이상
최소 진입 점수: 45점
안전 필터 통과 종목: 516개
24시간 ±20% 과열 제외: 7개
분석 대상: 거래대금 상위 20개
 1/20 BTCUSDT        상승 | 5분 +0.069% | 24시간 -1.81% | RSI 67.2
 2/20 ETHUSDT        상승 | 5분 +0.046% | 24시간 -2.81% | RSI 59.9
 3/20 SOLUSDT        상승 | 5분 +0.148% | 24시간 -1.92% | RSI 65.7
 4/20 HYPEUSDT       상승 | 5분 +0.087% | 24시간 -9.47% | RSI 66.1
 5/20 ZECUSDT        상승 | 5분 +0.070% | 24시간 -3.47% | RSI 56.5
 6/20 XRPUSDT        상승 | 5분 +0.018% | 24시간 -1.88% | RSI 60.8
 7/20 DOGEUSDT       하락 | 5분 +0.126% | 24시간 -2.12% | RSI 57.3
 8/20 ONDOUSDT       상승 | 5분 -0.027% | 24시간 -0.84% | RSI 53.8
 9/20 BNBUSDT        하락 | 5분 +0.105% | 24시간 -2.04% | RSI 62.4
10/20 NEARUSDT       하락 | 5분 +0.105% | 24시간 -6.41% | RSI 47.4
11/20 LABUSDT        상승 | 5분 +0.383% | 24시간 -14.78% | RSI 60.9
12/20 1000PEPEUSDT   상승 | 5분 +0.007% | 24시간 +0.81% | RSI 68.6
13/20 USUSDT         하락 | 5분 +0.590% | 24시간 +15.19% | RSI 68.3
14/20 WLDUSDT        상승 | 5분 +0.132% | 24시간 -4.92% | RSI 64.1
15/20 SUIUSDT        상승 | 5분 +0.137% | 24시간 -1.25% | RSI 61.9
16/20 ADAUSDT        상승 | 5분 +0.251% | 24시간 -1.24% | RSI 79.8
17/20 MANTRAUSDT     하락 | 5분 +0.813% | 24시간 +5.07% | RSI 59.8
18/20 PUMPUSDT       상승 | 5분 -0.061% | 24시간 +1.30% | RSI 48.7
19/20 DEXEUSDT       하락 | 5분 -0.113% | 24시간 -1.23% | RSI 37.9
20/20 LINKUSDT       상승 | 5분 +0.049% | 24시간 -2.96% | RSI 57.1
가상 진입 후보
XRPUSDT      LONG  75점
SUIUSDT      LONG  75점
BTCUSDT      LONG  70점
LINKUSDT     LONG  70점
SOLUSDT      LONG  65점
최대 포지션 개수에 도달했습니다.
======================================================================
가상잔고: 998,754원
보유 포지션: 3/3
- ZECUSDT      SHORT | 진입가 535.91000000 | 투입금 100,000원
- BNBUSDT      SHORT | 진입가 569.71000000 | 투입금 100,000원
- DOGEUSDT     SHORT | 진입가 0.07160000 | 투입금 99,875원
======================================================================
------------------------------------------------------------
오늘 실현손익: -1,246원 (-0.125%)
신규 거래 상태: 가능
------------------------------------------------------------
[보유] ZECUSDT      SHORT | 현재가 529.92000000 | 가격 +1.118% | 수수료반영 +1.018% | +1,018원
[보유] BNBUSDT      SHORT | 현재가 565.06000000 | 가격 +0.816% | 수수료반영 +0.716% | +716원
[보유] DOGEUSDT     SHORT | 현재가 0.07146000 | 가격 +0.196% | 수수료반영 +0.096% | +95원
[보유] ZECUSDT      SHORT | 현재가 529.75000000 | 가격 +1.149% | 수수료반영 +1.049% | +1,049원
[보유] BNBUSDT      SHORT | 현재가 565.06000000 | 가격 +0.816% | 수수료반영 +0.716% | +716원
[보유] DOGEUSDT     SHORT | 현재가 0.07144000 | 가격 +0.223% | 수수료반영 +0.123% | +123원
[보유] ZECUSDT      SHORT | 현재가 529.50000000 | 가격 +1.196% | 수수료반영 +1.096% | +1,096원
[보유] BNBUSDT      SHORT | 현재가 565.06000000 | 가격 +0.816% | 수수료반영 +0.716% | +716원
[보유] DOGEUSDT     SHORT | 현재가 0.07145000 | 가격 +0.209% | 수수료반영 +0.109% | +109원
[보유] ZECUSDT      SHORT | 현재가 529.62000000 | 가격 +1.174% | 수수료반영 +1.074% | +1,074원
[보유] BNBUSDT      SHORT | 현재가 565.06000000 | 가격 +0.816% | 수수료반영 +0.716% | +716원
[보유] DOGEUSDT     SHORT | 현재가 0.07145000 | 가격 +0.209% | 수수료반영 +0.109% | +109원
[보유] ZECUSDT      SHORT | 현재가 529.60000000 | 가격 +1.177% | 수수료반영 +1.077% | +1,077원
[보유] BNBUSDT      SHORT | 현재가 565.11000000 | 가격 +0.807% | 수수료반영 +0.707% | +707원
[보유] DOGEUSDT     SHORT | 현재가 0.07144000 | 가격 +0.223% | 수수료반영 +0.123% | +123원
[보유] ZECUSDT      SHORT | 현재가 529.16000000 | 가격 +1.260% | 수수료반영 +1.160% | +1,160원
[보유] BNBUSDT      SHORT | 현재가 564.85000000 | 가격 +0.853% | 수수료반영 +0.753% | +753원
[보유] DOGEUSDT     SHORT | 현재가 0.07144000 | 가격 +0.223% | 수수료반영 +0.123% | +123원
[보유] ZECUSDT      SHORT | 현재가 529.16000000 | 가격 +1.260% | 수수료반영 +1.160% | +1,160원
[보유] BNBUSDT      SHORT | 현재가 564.85000000 | 가격 +0.853% | 수수료반영 +0.753% | +753원
[보유] DOGEUSDT     SHORT | 현재가 0.07142000 | 가격 +0.251% | 수수료반영 +0.151% | +151원
[보유] ZECUSDT      SHORT | 현재가 529.23000000 | 가격 +1.246% | 수수료반영 +1.146% | +1,146원
[보유] BNBUSDT      SHORT | 현재가 564.85000000 | 가격 +0.853% | 수수료반영 +0.753% | +753원
[보유] DOGEUSDT     SHORT | 현재가 0.07142000 | 가격 +0.251% | 수수료반영 +0.151% | +151원
[보유] ZECUSDT      SHORT | 현재가 529.16000000 | 가격 +1.260% | 수수료반영 +1.160% | +1,160원
[보유] BNBUSDT      SHORT | 현재가 564.93000000 | 가격 +0.839% | 수수료반영 +0.739% | +739원
[보유] DOGEUSDT     SHORT | 현재가 0.07142000 | 가격 +0.251% | 수수료반영 +0.151% | +151원
[보유] ZECUSDT      SHORT | 현재가 529.19000000 | 가격 +1.254% | 수수료반영 +1.154% | +1,154원
[보유] BNBUSDT      SHORT | 현재가 564.98000000 | 가격 +0.830% | 수수료반영 +0.730% | +730원
[보유] DOGEUSDT     SHORT | 현재가 0.07142000 | 가격 +0.251% | 수수료반영 +0.151% | +151원
[보유] ZECUSDT      SHORT | 현재가 529.23000000 | 가격 +1.246% | 수수료반영 +1.146% | +1,146원
[보유] BNBUSDT      SHORT | 현재가 565.00000000 | 가격 +0.827% | 수수료반영 +0.727% | +727원
[보유] DOGEUSDT     SHORT | 현재가 0.07142000 | 가격 +0.251% | 수수료반영 +0.151% | +151원
[보유] ZECUSDT      SHORT | 현재가 529.11000000 | 가격 +1.269% | 수수료반영 +1.169% | +1,169원
[보유] BNBUSDT      SHORT | 현재가 565.00000000 | 가격 +0.827% | 수수료반영 +0.727% | +727원
[보유] DOGEUSDT     SHORT | 현재가 0.07142000 | 가격 +0.251% | 수수료반영 +0.151% | +151원
[보유] ZECUSDT      SHORT | 현재가 529.06000000 | 가격 +1.278% | 수수료반영 +1.178% | +1,178원
[보유] BNBUSDT      SHORT | 현재가 565.00000000 | 가격 +0.827% | 수수료반영 +0.727% | +727원
[보유] DOGEUSDT     SHORT | 현재가 0.07142000 | 가격 +0.251% | 수수료반영 +0.151% | +151원
시장 스캔을 시작합니다.
===========================================================================
안전 필터 적용 시장 스캔
===========================================================================
최소 상장 기간: 30일
24시간 과열 제외: ±20.0% 이상
최소 진입 점수: 45점
안전 필터 통과 종목: 518개
24시간 ±20% 과열 제외: 5개
분석 대상: 거래대금 상위 20개
 1/20 BTCUSDT        상승 | 5분 +0.042% | 24시간 -1.92% | RSI 58.6
 2/20 ETHUSDT        상승 | 5분 +0.026% | 24시간 -2.93% | RSI 56.3
 3/20 SOLUSDT        상승 | 5분 +0.013% | 24시간 -2.12% | RSI 51.4
 4/20 HYPEUSDT       상승 | 5분 -0.148% | 24시간 -9.80% | RSI 52.3
 5/20 ZECUSDT        하락 | 5분 -0.367% | 24시간 -3.88% | RSI 39.3
 6/20 XRPUSDT        상승 | 5분 -0.037% | 24시간 -1.97% | RSI 56.8
 7/20 DOGEUSDT       하락 | 5분 +0.000% | 24시간 -2.26% | RSI 51.5
 8/20 ONDOUSDT       상승 | 5분 -0.082% | 24시간 -0.84% | RSI 51.3
 9/20 BNBUSDT        하락 | 5분 +0.062% | 24시간 -2.13% | RSI 60.3
10/20 NEARUSDT       하락 | 5분 -0.105% | 24시간 -6.46% | RSI 41.0
11/20 LABUSDT        상승 | 5분 +0.818% | 24시간 -14.03% | RSI 66.5
12/20 BANKUSDT       상승 | 5분 +1.780% | 24시간 +19.38% | RSI 73.3
13/20 1000PEPEUSDT   상승 | 5분 -0.171% | 24시간 +0.80% | RSI 66.9
14/20 USUSDT         하락 | 5분 +0.648% | 24시간 +13.08% | RSI 64.4
15/20 WLDUSDT        상승 | 5분 +0.026% | 24시간 -5.14% | RSI 58.4
16/20 SUIUSDT        상승 | 5분 +0.055% | 24시간 -1.34% | RSI 59.9
17/20 KAITOUSDT      상승 | 5분 -0.148% | 24시간 +19.74% | RSI 51.7
18/20 ADAUSDT        상승 | 5분 +0.063% | 24시간 -1.36% | RSI 68.4
19/20 MANTRAUSDT     하락 | 5분 +0.480% | 24시간 +5.13% | RSI 61.4
20/20 PUMPUSDT       하락 | 5분 -0.427% | 24시간 +0.86% | RSI 38.4
가상 진입 후보
LABUSDT      LONG  100점
PUMPUSDT     SHORT 90점
ZECUSDT      SHORT 85점
HYPEUSDT     LONG  75점
KAITOUSDT    LONG  75점
최대 포지션 개수에 도달했습니다.
======================================================================
가상잔고: 998,754원
보유 포지션: 3/3
- ZECUSDT      SHORT | 진입가 535.91000000 | 투입금 100,000원
- BNBUSDT      SHORT | 진입가 569.71000000 | 투입금 100,000원
- DOGEUSDT     SHORT | 진입가 0.07160000 | 투입금 99,875원
======================================================================
------------------------------------------------------------
오늘 실현손익: -1,246원 (-0.125%)
신규 거래 상태: 가능
------------------------------------------------------------
[보유] ZECUSDT      SHORT | 현재가 529.06000000 | 가격 +1.278% | 수수료반영 +1.178% | +1,178원
[보유] BNBUSDT      SHORT | 현재가 564.87000000 | 가격 +0.850% | 수수료반영 +0.750% | +750원
[보유] DOGEUSDT     SHORT | 현재가 0.07141000 | 가격 +0.265% | 수수료반영 +0.165% | +165원
[보유] ZECUSDT      SHORT | 현재가 529.11000000 | 가격 +1.269% | 수수료반영 +1.169% | +1,169원
[보유] BNBUSDT      SHORT | 현재가 564.73000000 | 가격 +0.874% | 수수료반영 +0.774% | +774원
[보유] DOGEUSDT     SHORT | 현재가 0.07141000 | 가격 +0.265% | 수수료반영 +0.165% | +165원
[보유] ZECUSDT      SHORT | 현재가 529.13000000 | 가격 +1.265% | 수수료반영 +1.165% | +1,165원
[보유] BNBUSDT      SHORT | 현재가 564.70000000 | 가격 +0.879% | 수수료반영 +0.779% | +779원
[보유] DOGEUSDT     SHORT | 현재가 0.07141000 | 가격 +0.265% | 수수료반영 +0.165% | +165원
[보유] ZECUSDT      SHORT | 현재가 529.11000000 | 가격 +1.269% | 수수료반영 +1.169% | +1,169원
[보유] BNBUSDT      SHORT | 현재가 564.62000000 | 가격 +0.893% | 수수료반영 +0.793% | +793원
[보유] DOGEUSDT     SHORT | 현재가 0.07142000 | 가격 +0.251% | 수수료반영 +0.151% | +151원
[보유] ZECUSDT      SHORT | 현재가 529.17000000 | 가격 +1.258% | 수수료반영 +1.158% | +1,158원
[보유] BNBUSDT      SHORT | 현재가 564.63000000 | 가격 +0.892% | 수수료반영 +0.792% | +792원
[보유] DOGEUSDT     SHORT | 현재가 0.07142000 | 가격 +0.251% | 수수료반영 +0.151% | +151원
[보유] ZECUSDT      SHORT | 현재가 528.88000000 | 가격 +1.312% | 수수료반영 +1.212% | +1,212원
[보유] BNBUSDT      SHORT | 현재가 564.63000000 | 가격 +0.892% | 수수료반영 +0.792% | +792원
[보유] DOGEUSDT     SHORT | 현재가 0.07143000 | 가격 +0.237% | 수수료반영 +0.137% | +137원
[보유] ZECUSDT      SHORT | 현재가 528.77000000 | 가격 +1.332% | 수수료반영 +1.232% | +1,232원
[보유] BNBUSDT      SHORT | 현재가 564.63000000 | 가격 +0.892% | 수수료반영 +0.792% | +792원
[보유] DOGEUSDT     SHORT | 현재가 0.07143000 | 가격 +0.237% | 수수료반영 +0.137% | +137원
[보유] ZECUSDT      SHORT | 현재가 529.00000000 | 가격 +1.289% | 수수료반영 +1.189% | +1,189원
[보유] BNBUSDT      SHORT | 현재가 564.67000000 | 가격 +0.885% | 수수료반영 +0.785% | +785원
[보유] DOGEUSDT     SHORT | 현재가 0.07145000 | 가격 +0.209% | 수수료반영 +0.109% | +109원
[보유] ZECUSDT      SHORT | 현재가 529.08000000 | 가격 +1.274% | 수수료반영 +1.174% | +1,174원
[보유] BNBUSDT      SHORT | 현재가 564.67000000 | 가격 +0.885% | 수수료반영 +0.785% | +785원
[보유] DOGEUSDT     SHORT | 현재가 0.07147000 | 가격 +0.182% | 수수료반영 +0.082% | +81원
[보유] ZECUSDT      SHORT | 현재가 528.85000000 | 가격 +1.317% | 수수료반영 +1.217% | +1,217원
[보유] BNBUSDT      SHORT | 현재가 564.82000000 | 가격 +0.858% | 수수료반영 +0.758% | +758원
[보유] DOGEUSDT     SHORT | 현재가 0.07147000 | 가격 +0.182% | 수수료반영 +0.082% | +81원
[보유] ZECUSDT      SHORT | 현재가 529.06000000 | 가격 +1.278% | 수수료반영 +1.178% | +1,178원
[보유] BNBUSDT      SHORT | 현재가 564.96000000 | 가격 +0.834% | 수수료반영 +0.734% | +734원
[보유] DOGEUSDT     SHORT | 현재가 0.07147000 | 가격 +0.182% | 수수료반영 +0.082% | +81원
[보유] ZECUSDT      SHORT | 현재가 529.19000000 | 가격 +1.254% | 수수료반영 +1.154% | +1,154원
[보유] BNBUSDT      SHORT | 현재가 565.11000000 | 가격 +0.807% | 수수료반영 +0.707% | +707원
[보유] DOGEUSDT     SHORT | 현재가 0.07152000 | 가격 +0.112% | 수수료반영 +0.012% | +12원
[보유] ZECUSDT      SHORT | 현재가 529.14000000 | 가격 +1.263% | 수수료반영 +1.163% | +1,163원
[보유] BNBUSDT      SHORT | 현재가 565.15000000 | 가격 +0.800% | 수수료반영 +0.700% | +700원
[보유] DOGEUSDT     SHORT | 현재가 0.07152000 | 가격 +0.112% | 수수료반영 +0.012% | +12원
시장 스캔을 시작합니다.
===========================================================================
안전 필터 적용 시장 스캔
===========================================================================
최소 상장 기간: 30일
24시간 과열 제외: ±20.0% 이상
최소 진입 점수: 45점
안전 필터 통과 종목: 518개
24시간 ±20% 과열 제외: 5개
분석 대상: 거래대금 상위 20개
 1/20 BTCUSDT        상승 | 5분 +0.030% | 24시간 -1.97% | RSI 60.8
 2/20 ETHUSDT        상승 | 5분 -0.019% | 24시간 -3.07% | RSI 56.9
 3/20 SOLUSDT        상승 | 5분 -0.040% | 24시간 -2.23% | RSI 52.5
 4/20 HYPEUSDT       상승 | 5분 -0.184% | 24시간 -9.79% | RSI 55.4
 5/20 ZECUSDT        하락 | 5분 -0.476% | 24시간 -3.88% | RSI 37.9
 6/20 XRPUSDT        상승 | 5분 -0.055% | 24시간 -2.01% | RSI 59.7
 7/20 DOGEUSDT       하락 | 5분 +0.028% | 24시간 -2.29% | RSI 57.9
 8/20 ONDOUSDT       상승 | 5분 -0.137% | 24시간 -1.03% | RSI 54.7
 9/20 BNBUSDT        하락 | 5분 +0.032% | 24시간 -2.18% | RSI 59.4
10/20 NEARUSDT       하락 | 5분 -0.210% | 24시간 -6.50% | RSI 43.1
11/20 LABUSDT        상승 | 5분 +1.200% | 24시간 -12.98% | RSI 69.5
12/20 BANKUSDT       상승 | 5분 +1.486% | 24시간 +19.56% | RSI 71.3
13/20 1000PEPEUSDT   상승 | 5분 -0.244% | 24시간 +0.65% | RSI 66.2
14/20 USUSDT         하락 | 5분 +0.092% | 24시간 +13.38% | RSI 55.6
15/20 WLDUSDT        상승 | 5분 +0.026% | 24시간 -5.11% | RSI 64.2
16/20 SUIUSDT        상승 | 5분 +0.014% | 24시간 -1.41% | RSI 61.3
17/20 KAITOUSDT      상승 | 5분 +0.274% | 24시간 +19.58% | RSI 55.4
18/20 ADAUSDT        상승 | 5분 +0.000% | 24시간 -1.36% | RSI 70.8
19/20 MANTRAUSDT     하락 | 5분 +0.030% | 24시간 +4.68% | RSI 54.9
20/20 PUMPUSDT       하락 | 5분 -0.487% | 24시간 +0.68% | RSI 42.8
가상 진입 후보
PUMPUSDT     SHORT 100점
ZECUSDT      SHORT 85점
NEARUSDT     SHORT 80점
LABUSDT      LONG  75점
ONDOUSDT     LONG  70점
최대 포지션 개수에 도달했습니다.
======================================================================
가상잔고: 998,754원
보유 포지션: 3/3
- ZECUSDT      SHORT | 진입가 535.91000000 | 투입금 100,000원
- BNBUSDT      SHORT | 진입가 569.71000000 | 투입금 100,000원
- DOGEUSDT     SHORT | 진입가 0.07160000 | 투입금 99,875원
======================================================================
------------------------------------------------------------
오늘 실현손익: -1,246원 (-0.125%)
신규 거래 상태: 가능
------------------------------------------------------------
[보유] ZECUSDT      SHORT | 현재가 529.18000000 | 가격 +1.256% | 수수료반영 +1.156% | +1,156원
[보유] BNBUSDT      SHORT | 현재가 565.11000000 | 가격 +0.807% | 수수료반영 +0.707% | +707원
[보유] DOGEUSDT     SHORT | 현재가 0.07150000 | 가격 +0.140% | 수수료반영 +0.040% | +40원
[보유] ZECUSDT      SHORT | 현재가 529.06000000 | 가격 +1.278% | 수수료반영 +1.178% | +1,178원
[보유] BNBUSDT      SHORT | 현재가 565.12000000 | 가격 +0.806% | 수수료반영 +0.706% | +706원
[보유] DOGEUSDT     SHORT | 현재가 0.07150000 | 가격 +0.140% | 수수료반영 +0.040% | +40원
[보유] ZECUSDT      SHORT | 현재가 529.03000000 | 가격 +1.284% | 수수료반영 +1.184% | +1,184원
[보유] BNBUSDT      SHORT | 현재가 565.16000000 | 가격 +0.799% | 수수료반영 +0.699% | +699원
[보유] DOGEUSDT     SHORT | 현재가 0.07150000 | 가격 +0.140% | 수수료반영 +0.040% | +40원
[보유] ZECUSDT      SHORT | 현재가 529.13000000 | 가격 +1.265% | 수수료반영 +1.165% | +1,165원
[보유] BNBUSDT      SHORT | 현재가 565.22000000 | 가격 +0.788% | 수수료반영 +0.688% | +688원
[보유] DOGEUSDT     SHORT | 현재가 0.07150000 | 가격 +0.140% | 수수료반영 +0.040% | +40원
[보유] ZECUSDT      SHORT | 현재가 529.20000000 | 가격 +1.252% | 수수료반영 +1.152% | +1,152원
[보유] BNBUSDT      SHORT | 현재가 565.33000000 | 가격 +0.769% | 수수료반영 +0.669% | +669원
[보유] DOGEUSDT     SHORT | 현재가 0.07151000 | 가격 +0.126% | 수수료반영 +0.026% | +26원
[보유] ZECUSDT      SHORT | 현재가 529.20000000 | 가격 +1.252% | 수수료반영 +1.152% | +1,152원
[보유] BNBUSDT      SHORT | 현재가 565.33000000 | 가격 +0.769% | 수수료반영 +0.669% | +669원
[보유] DOGEUSDT     SHORT | 현재가 0.07152000 | 가격 +0.112% | 수수료반영 +0.012% | +12원
[보유] ZECUSDT      SHORT | 현재가 529.05000000 | 가격 +1.280% | 수수료반영 +1.180% | +1,180원
[보유] BNBUSDT      SHORT | 현재가 565.25000000 | 가격 +0.783% | 수수료반영 +0.683% | +683원
[보유] DOGEUSDT     SHORT | 현재가 0.07147000 | 가격 +0.182% | 수수료반영 +0.082% | +81원
[보유] ZECUSDT      SHORT | 현재가 529.20000000 | 가격 +1.252% | 수수료반영 +1.152% | +1,152원
[보유] BNBUSDT      SHORT | 현재가 565.18000000 | 가격 +0.795% | 수수료반영 +0.695% | +695원
[보유] DOGEUSDT     SHORT | 현재가 0.07147000 | 가격 +0.182% | 수수료반영 +0.082% | +81원
[보유] ZECUSDT      SHORT | 현재가 529.08000000 | 가격 +1.274% | 수수료반영 +1.174% | +1,174원
[보유] BNBUSDT      SHORT | 현재가 565.17000000 | 가격 +0.797% | 수수료반영 +0.697% | +697원
[보유] DOGEUSDT     SHORT | 현재가 0.07145000 | 가격 +0.209% | 수수료반영 +0.109% | +109원
[보유] ZECUSDT      SHORT | 현재가 528.98000000 | 가격 +1.293% | 수수료반영 +1.193% | +1,193원
[보유] BNBUSDT      SHORT | 현재가 565.17000000 | 가격 +0.797% | 수수료반영 +0.697% | +697원
[보유] DOGEUSDT     SHORT | 현재가 0.07142000 | 가격 +0.251% | 수수료반영 +0.151% | +151원
[보유] ZECUSDT      SHORT | 현재가 529.01000000 | 가격 +1.288% | 수수료반영 +1.188% | +1,188원
[보유] BNBUSDT      SHORT | 현재가 565.10000000 | 가격 +0.809% | 수수료반영 +0.709% | +709원
[보유] DOGEUSDT     SHORT | 현재가 0.07144000 | 가격 +0.223% | 수수료반영 +0.123% | +123원
[보유] ZECUSDT      SHORT | 현재가 529.01000000 | 가격 +1.288% | 수수료반영 +1.188% | +1,188원
[보유] BNBUSDT      SHORT | 현재가 565.20000000 | 가격 +0.792% | 수수료반영 +0.692% | +692원
[보유] DOGEUSDT     SHORT | 현재가 0.07145000 | 가격 +0.209% | 수수료반영 +0.109% | +109원
[보유] ZECUSDT      SHORT | 현재가 529.08000000 | 가격 +1.274% | 수수료반영 +1.174% | +1,174원
[보유] BNBUSDT      SHORT | 현재가 565.20000000 | 가격 +0.792% | 수수료반영 +0.692% | +692원
[보유] DOGEUSDT     SHORT | 현재가 0.07144000 | 가격 +0.223% | 수수료반영 +0.123% | +123원
시장 스캔을 시작합니다.
===========================================================================
안전 필터 적용 시장 스캔
===========================================================================
최소 상장 기간: 30일
24시간 과열 제외: ±20.0% 이상
최소 진입 점수: 45점
안전 필터 통과 종목: 516개
24시간 ±20% 과열 제외: 7개
분석 대상: 거래대금 상위 20개
 1/20 BTCUSDT        상승 | 5분 +0.005% | 24시간 -1.92% | RSI 61.2
 2/20 ETHUSDT        상승 | 5분 -0.089% | 24시간 -2.97% | RSI 57.3
 3/20 SOLUSDT        상승 | 5분 -0.067% | 24시간 -2.14% | RSI 54.6
 4/20 HYPEUSDT       상승 | 5분 -0.092% | 24시간 -9.62% | RSI 59.8
 5/20 ZECUSDT        하락 | 5분 -0.433% | 24시간 -3.71% | RSI 37.5
 6/20 XRPUSDT        상승 | 5분 -0.065% | 24시간 -1.94% | RSI 58.6
 7/20 DOGEUSDT       하락 | 5분 -0.112% | 24시간 -2.28% | RSI 52.6
 8/20 ONDOUSDT       상승 | 5분 -0.301% | 24시간 -1.00% | RSI 50.9
 9/20 BNBUSDT        하락 | 5분 +0.041% | 24시간 -2.10% | RSI 63.5
10/20 NEARUSDT       하락 | 5분 -0.263% | 24시간 -6.32% | RSI 41.5
11/20 LABUSDT        상승 | 5분 +1.742% | 24시간 -13.38% | RSI 73.6
12/20 1000PEPEUSDT   상승 | 5분 -0.171% | 24시간 +0.72% | RSI 66.7
13/20 USUSDT         하락 | 5분 +0.222% | 24시간 +16.61% | RSI 56.9
14/20 WLDUSDT        상승 | 5분 -0.026% | 24시간 -4.99% | RSI 60.5
15/20 SUIUSDT        상승 | 5분 -0.082% | 24시간 -1.27% | RSI 60.2
16/20 ADAUSDT        상승 | 5분 -0.063% | 24시간 -1.36% | RSI 65.6
17/20 MANTRAUSDT     하락 | 5분 +0.135% | 24시간 +4.81% | RSI 55.6
18/20 PUMPUSDT       하락 | 5분 -0.792% | 24시간 +0.43% | RSI 34.8
19/20 DEXEUSDT       하락 | 5분 -0.366% | 24시간 -1.34% | RSI 31.9
20/20 LINKUSDT       상승 | 5분 -0.110% | 24시간 -3.12% | RSI 54.9
가상 진입 후보
DEXEUSDT     SHORT 90점
ZECUSDT      SHORT 85점
NEARUSDT     SHORT 85점
ADAUSDT      LONG  75점
WLDUSDT      LONG  65점
최대 포지션 개수에 도달했습니다.
======================================================================
가상잔고: 998,754원
보유 포지션: 3/3
- ZECUSDT      SHORT | 진입가 535.91000000 | 투입금 100,000원
- BNBUSDT      SHORT | 진입가 569.71000000 | 투입금 100,000원
- DOGEUSDT     SHORT | 진입가 0.07160000 | 투입금 99,875원
======================================================================
------------------------------------------------------------
오늘 실현손익: -1,246원 (-0.125%)
신규 거래 상태: 가능
------------------------------------------------------------
[보유] ZECUSDT      SHORT | 현재가 529.08000000 | 가격 +1.274% | 수수료반영 +1.174% | +1,174원
[보유] BNBUSDT      SHORT | 현재가 565.21000000 | 가격 +0.790% | 수수료반영 +0.690% | +690원
[보유] DOGEUSDT     SHORT | 현재가 0.07144000 | 가격 +0.223% | 수수료반영 +0.123% | +123원
[보유] ZECUSDT      SHORT | 현재가 529.19000000 | 가격 +1.254% | 수수료반영 +1.154% | +1,154원
[보유] BNBUSDT      SHORT | 현재가 565.21000000 | 가격 +0.790% | 수수료반영 +0.690% | +690원
[보유] DOGEUSDT     SHORT | 현재가 0.07143000 | 가격 +0.237% | 수수료반영 +0.137% | +137원
[보유] ZECUSDT      SHORT | 현재가 529.30000000 | 가격 +1.233% | 수수료반영 +1.133% | +1,133원
[보유] BNBUSDT      SHORT | 현재가 565.21000000 | 가격 +0.790% | 수수료반영 +0.690% | +690원
[보유] DOGEUSDT     SHORT | 현재가 0.07144000 | 가격 +0.223% | 수수료반영 +0.123% | +123원
[보유] ZECUSDT      SHORT | 현재가 529.10000000 | 가격 +1.271% | 수수료반영 +1.171% | +1,171원
[보유] BNBUSDT      SHORT | 현재가 565.15000000 | 가격 +0.800% | 수수료반영 +0.700% | +700원
[보유] DOGEUSDT     SHORT | 현재가 0.07143000 | 가격 +0.237% | 수수료반영 +0.137% | +137원
[보유] ZECUSDT      SHORT | 현재가 528.86000000 | 가격 +1.316% | 수수료반영 +1.216% | +1,216원
[보유] BNBUSDT      SHORT | 현재가 565.15000000 | 가격 +0.800% | 수수료반영 +0.700% | +700원
[보유] DOGEUSDT     SHORT | 현재가 0.07141000 | 가격 +0.265% | 수수료반영 +0.165% | +165원
[보유] ZECUSDT      SHORT | 현재가 528.86000000 | 가격 +1.316% | 수수료반영 +1.216% | +1,216원
[보유] BNBUSDT      SHORT | 현재가 565.10000000 | 가격 +0.809% | 수수료반영 +0.709% | +709원
[보유] DOGEUSDT     SHORT | 현재가 0.07141000 | 가격 +0.265% | 수수료반영 +0.165% | +165원
[보유] ZECUSDT      SHORT | 현재가 528.58000000 | 가격 +1.368% | 수수료반영 +1.268% | +1,268원
[보유] BNBUSDT      SHORT | 현재가 565.02000000 | 가격 +0.823% | 수수료반영 +0.723% | +723원
[보유] DOGEUSDT     SHORT | 현재가 0.07141000 | 가격 +0.265% | 수수료반영 +0.165% | +165원
[보유] ZECUSDT      SHORT | 현재가 528.44000000 | 가격 +1.394% | 수수료반영 +1.294% | +1,294원
[보유] BNBUSDT      SHORT | 현재가 565.01000000 | 가격 +0.825% | 수수료반영 +0.725% | +725원
[보유] DOGEUSDT     SHORT | 현재가 0.07140000 | 가격 +0.279% | 수수료반영 +0.179% | +179원
[보유] ZECUSDT      SHORT | 현재가 528.37000000 | 가격 +1.407% | 수수료반영 +1.307% | +1,307원
[보유] BNBUSDT      SHORT | 현재가 565.11000000 | 가격 +0.807% | 수수료반영 +0.707% | +707원
[보유] DOGEUSDT     SHORT | 현재가 0.07140000 | 가격 +0.279% | 수수료반영 +0.179% | +179원
[보유] ZECUSDT      SHORT | 현재가 528.41000000 | 가격 +1.399% | 수수료반영 +1.299% | +1,299원
[보유] BNBUSDT      SHORT | 현재가 565.11000000 | 가격 +0.807% | 수수료반영 +0.707% | +707원
[보유] DOGEUSDT     SHORT | 현재가 0.07140000 | 가격 +0.279% | 수수료반영 +0.179% | +179원
[보유] ZECUSDT      SHORT | 현재가 528.09000000 | 가격 +1.459% | 수수료반영 +1.359% | +1,359원
[보유] BNBUSDT      SHORT | 현재가 565.06000000 | 가격 +0.816% | 수수료반영 +0.716% | +716원
[보유] DOGEUSDT     SHORT | 현재가 0.07140000 | 가격 +0.279% | 수수료반영 +0.179% | +179원
[보유] ZECUSDT      SHORT | 현재가 528.12000000 | 가격 +1.454% | 수수료반영 +1.354% | +1,354원
[보유] BNBUSDT      SHORT | 현재가 565.08000000 | 가격 +0.813% | 수수료반영 +0.713% | +713원
[보유] DOGEUSDT     SHORT | 현재가 0.07140000 | 가격 +0.279% | 수수료반영 +0.179% | +179원
[보유] ZECUSDT      SHORT | 현재가 528.30000000 | 가격 +1.420% | 수수료반영 +1.320% | +1,320원
[보유] BNBUSDT      SHORT | 현재가 565.00000000 | 가격 +0.827% | 수수료반영 +0.727% | +727원
[보유] DOGEUSDT     SHORT | 현재가 0.07141000 | 가격 +0.265% | 수수료반영 +0.165% | +165원
시장 스캔을 시작합니다.
===========================================================================
안전 필터 적용 시장 스캔
===========================================================================
최소 상장 기간: 30일
24시간 과열 제외: ±20.0% 이상
최소 진입 점수: 45점
안전 필터 통과 종목: 516개
24시간 ±20% 과열 제외: 7개
분석 대상: 거래대금 상위 20개
 1/20 BTCUSDT        상승 | 5분 -0.052% | 24시간 -1.99% | RSI 57.9
 2/20 ETHUSDT        상승 | 5분 -0.124% | 24시간 -3.06% | RSI 56.8
 3/20 SOLUSDT        상승 | 5분 -0.174% | 24시간 -2.25% | RSI 48.8
 4/20 HYPEUSDT       상승 | 5분 -0.141% | 24시간 -9.74% | RSI 61.0
 5/20 ZECUSDT        하락 | 5분 -0.525% | 24시간 -3.99% | RSI 33.2
 6/20 XRPUSDT        상승 | 5분 -0.129% | 24시간 -2.02% | RSI 54.5
 7/20 DOGEUSDT       하락 | 5분 -0.168% | 24시간 -2.38% | RSI 48.7
 8/20 ONDOUSDT       상승 | 5분 -0.192% | 24시간 -1.25% | RSI 52.1
 9/20 BNBUSDT        하락 | 5분 -0.009% | 24시간 -2.18% | RSI 59.8
10/20 NEARUSDT       하락 | 5분 -0.053% | 24시간 -6.45% | RSI 47.9
11/20 LABUSDT        상승 | 5분 +0.381% | 24시간 -13.31% | RSI 58.7
12/20 1000PEPEUSDT   상승 | 5분 -0.211% | 24시간 +0.61% | RSI 63.7
13/20 USUSDT         상승 | 5분 +0.196% | 24시간 +16.80% | RSI 59.8
14/20 WLDUSDT        상승 | 5분 -0.053% | 24시간 -5.24% | RSI 60.5
15/20 SUIUSDT        상승 | 5분 -0.151% | 24시간 -1.49% | RSI 56.9
16/20 ADAUSDT        상승 | 5분 -0.187% | 24시간 -1.48% | RSI 60.8
17/20 MANTRAUSDT     하락 | 5분 -0.075% | 24시간 +4.69% | RSI 52.5
18/20 PUMPUSDT       하락 | 5분 -0.610% | 24시간 +0.56% | RSI 38.9
19/20 DEXEUSDT       하락 | 5분 -0.084% | 24시간 -1.00% | RSI 43.2
20/20 LINKUSDT       상승 | 5분 -0.134% | 24시간 -3.22% | RSI 52.6
가상 진입 후보
ZECUSDT      SHORT 100점
ADAUSDT      LONG  70점
MANTRAUSDT   SHORT 65점
DOGEUSDT     SHORT 60점
DEXEUSDT     SHORT 60점
최대 포지션 개수에 도달했습니다.
======================================================================
가상잔고: 998,754원
보유 포지션: 3/3
- ZECUSDT      SHORT | 진입가 535.91000000 | 투입금 100,000원
- BNBUSDT      SHORT | 진입가 569.71000000 | 투입금 100,000원
- DOGEUSDT     SHORT | 진입가 0.07160000 | 투입금 99,875원
======================================================================
------------------------------------------------------------
오늘 실현손익: -1,246원 (-0.125%)
신규 거래 상태: 가능
------------------------------------------------------------
[보유] ZECUSDT      SHORT | 현재가 528.20000000 | 가격 +1.439% | 수수료반영 +1.339% | +1,339원
[보유] BNBUSDT      SHORT | 현재가 565.02000000 | 가격 +0.823% | 수수료반영 +0.723% | +723원
[보유] DOGEUSDT     SHORT | 현재가 0.07142000 | 가격 +0.251% | 수수료반영 +0.151% | +151원
[보유] ZECUSDT      SHORT | 현재가 528.05000000 | 가격 +1.467% | 수수료반영 +1.367% | +1,367원
[보유] BNBUSDT      SHORT | 현재가 565.01000000 | 가격 +0.825% | 수수료반영 +0.725% | +725원
[보유] DOGEUSDT     SHORT | 현재가 0.07141000 | 가격 +0.265% | 수수료반영 +0.165% | +165원
[보유] ZECUSDT      SHORT | 현재가 528.15000000 | 가격 +1.448% | 수수료반영 +1.348% | +1,348원
[보유] BNBUSDT      SHORT | 현재가 565.01000000 | 가격 +0.825% | 수수료반영 +0.725% | +725원
[보유] DOGEUSDT     SHORT | 현재가 0.07141000 | 가격 +0.265% | 수수료반영 +0.165% | +165원
[보유] ZECUSDT      SHORT | 현재가 528.19000000 | 가격 +1.441% | 수수료반영 +1.341% | +1,341원
[보유] BNBUSDT      SHORT | 현재가 565.01000000 | 가격 +0.825% | 수수료반영 +0.725% | +725원
[보유] DOGEUSDT     SHORT | 현재가 0.07142000 | 가격 +0.251% | 수수료반영 +0.151% | +151원
[보유] ZECUSDT      SHORT | 현재가 528.19000000 | 가격 +1.441% | 수수료반영 +1.341% | +1,341원
[보유] BNBUSDT      SHORT | 현재가 565.01000000 | 가격 +0.825% | 수수료반영 +0.725% | +725원
[보유] DOGEUSDT     SHORT | 현재가 0.07142000 | 가격 +0.251% | 수수료반영 +0.151% | +151원
[보유] ZECUSDT      SHORT | 현재가 528.33000000 | 가격 +1.414% | 수수료반영 +1.314% | +1,314원
[보유] BNBUSDT      SHORT | 현재가 565.00000000 | 가격 +0.827% | 수수료반영 +0.727% | +727원
[보유] DOGEUSDT     SHORT | 현재가 0.07142000 | 가격 +0.251% | 수수료반영 +0.151% | +151원
[보유] ZECUSDT      SHORT | 현재가 528.52000000 | 가격 +1.379% | 수수료반영 +1.279% | +1,279원
[보유] BNBUSDT      SHORT | 현재가 565.02000000 | 가격 +0.823% | 수수료반영 +0.723% | +723원
[보유] DOGEUSDT     SHORT | 현재가 0.07144000 | 가격 +0.223% | 수수료반영 +0.123% | +123원
[보유] ZECUSDT      SHORT | 현재가 528.52000000 | 가격 +1.379% | 수수료반영 +1.279% | +1,279원
[보유] BNBUSDT      SHORT | 현재가 565.10000000 | 가격 +0.809% | 수수료반영 +0.709% | +709원
[보유] DOGEUSDT     SHORT | 현재가 0.07145000 | 가격 +0.209% | 수수료반영 +0.109% | +109원
[보유] ZECUSDT      SHORT | 현재가 528.54000000 | 가격 +1.375% | 수수료반영 +1.275% | +1,275원
[보유] BNBUSDT      SHORT | 현재가 565.11000000 | 가격 +0.807% | 수수료반영 +0.707% | +707원
[보유] DOGEUSDT     SHORT | 현재가 0.07144000 | 가격 +0.223% | 수수료반영 +0.123% | +123원
[보유] ZECUSDT      SHORT | 현재가 528.54000000 | 가격 +1.375% | 수수료반영 +1.275% | +1,275원
[보유] BNBUSDT      SHORT | 현재가 565.08000000 | 가격 +0.813% | 수수료반영 +0.713% | +713원
[보유] DOGEUSDT     SHORT | 현재가 0.07143000 | 가격 +0.237% | 수수료반영 +0.137% | +137원
[보유] ZECUSDT      SHORT | 현재가 528.58000000 | 가격 +1.368% | 수수료반영 +1.268% | +1,268원
[보유] BNBUSDT      SHORT | 현재가 565.08000000 | 가격 +0.813% | 수수료반영 +0.713% | +713원
[보유] DOGEUSDT     SHORT | 현재가 0.07142000 | 가격 +0.251% | 수수료반영 +0.151% | +151원
[보유] ZECUSDT      SHORT | 현재가 528.59000000 | 가격 +1.366% | 수수료반영 +1.266% | +1,266원
[보유] BNBUSDT      SHORT | 현재가 565.07000000 | 가격 +0.814% | 수수료반영 +0.714% | +714원
[보유] DOGEUSDT     SHORT | 현재가 0.07142000 | 가격 +0.251% | 수수료반영 +0.151% | +151원
[보유] ZECUSDT      SHORT | 현재가 528.36000000 | 가격 +1.409% | 수수료반영 +1.309% | +1,309원
[보유] BNBUSDT      SHORT | 현재가 565.01000000 | 가격 +0.825% | 수수료반영 +0.725% | +725원
[보유] DOGEUSDT     SHORT | 현재가 0.07140000 | 가격 +0.279% | 수수료반영 +0.179% | +179원
시장 스캔을 시작합니다.
===========================================================================
안전 필터 적용 시장 스캔
===========================================================================
최소 상장 기간: 30일
24시간 과열 제외: ±20.0% 이상
최소 진입 점수: 45점
안전 필터 통과 종목: 515개
24시간 ±20% 과열 제외: 8개
분석 대상: 거래대금 상위 20개
 1/20 BTCUSDT        상승 | 5분 -0.035% | 24시간 -2.01% | RSI 56.7
 2/20 ETHUSDT        상승 | 5분 -0.011% | 24시간 -3.10% | RSI 58.3
 3/20 SOLUSDT        상승 | 5분 -0.107% | 24시간 -2.27% | RSI 49.9
 4/20 HYPEUSDT       상승 | 5분 -0.065% | 24시간 -9.73% | RSI 58.1
 5/20 ZECUSDT        하락 | 5분 -0.264% | 24시간 -4.00% | RSI 35.5
 6/20 XRPUSDT        상승 | 5분 -0.018% | 24시간 -2.02% | RSI 57.0
 7/20 DOGEUSDT       하락 | 5분 -0.014% | 24시간 -2.42% | RSI 54.2
 8/20 ONDOUSDT       상승 | 5분 +0.137% | 24시간 -1.03% | RSI 58.6
 9/20 BNBUSDT        하락 | 5분 +0.007% | 24시간 -2.19% | RSI 60.8
10/20 NEARUSDT       하락 | 5분 +0.053% | 24시간 -6.45% | RSI 47.9
11/20 LABUSDT        상승 | 5분 +0.327% | 24시간 -14.09% | RSI 56.1
12/20 1000PEPEUSDT   상승 | 5분 +0.036% | 24시간 +0.73% | RSI 67.6
13/20 USUSDT         상승 | 5분 -0.802% | 24시간 +17.75% | RSI 53.8
14/20 WLDUSDT        상승 | 5분 -0.026% | 24시간 -5.26% | RSI 58.6
15/20 SUIUSDT        상승 | 5분 +0.014% | 24시간 -1.41% | RSI 60.7
16/20 ADAUSDT        상승 | 5분 -0.063% | 24시간 -1.36% | RSI 63.6
17/20 MANTRAUSDT     하락 | 5분 -0.612% | 24시간 +4.00% | RSI 42.5
18/20 PUMPUSDT       하락 | 5분 -0.305% | 24시간 +0.55% | RSI 44.5
19/20 DEXEUSDT       하락 | 5분 -0.169% | 24시간 -0.62% | RSI 38.4
20/20 LINKUSDT       상승 | 5분 -0.024% | 24시간 -3.21% | RSI 54.6
가상 진입 후보
MANTRAUSDT   SHORT 95점
ZECUSDT      SHORT 60점
DOGEUSDT     SHORT 60점
LABUSDT      LONG  55점
PUMPUSDT     SHORT 55점
최대 포지션 개수에 도달했습니다.
======================================================================
가상잔고: 998,754원
보유 포지션: 3/3
- ZECUSDT      SHORT | 진입가 535.91000000 | 투입금 100,000원
- BNBUSDT      SHORT | 진입가 569.71000000 | 투입금 100,000원
- DOGEUSDT     SHORT | 진입가 0.07160000 | 투입금 99,875원
======================================================================
------------------------------------------------------------
오늘 실현손익: -1,246원 (-0.125%)
신규 거래 상태: 가능
------------------------------------------------------------
[보유] ZECUSDT      SHORT | 현재가 528.42000000 | 가격 +1.398% | 수수료반영 +1.298% | +1,298원
[보유] BNBUSDT      SHORT | 현재가 565.00000000 | 가격 +0.827% | 수수료반영 +0.727% | +727원
[보유] DOGEUSDT     SHORT | 현재가 0.07140000 | 가격 +0.279% | 수수료반영 +0.179% | +179원
[보유] ZECUSDT      SHORT | 현재가 528.62000000 | 가격 +1.360% | 수수료반영 +1.260% | +1,260원
[보유] BNBUSDT      SHORT | 현재가 565.00000000 | 가격 +0.827% | 수수료반영 +0.727% | +727원
[보유] DOGEUSDT     SHORT | 현재가 0.07140000 | 가격 +0.279% | 수수료반영 +0.179% | +179원
[보유] ZECUSDT      SHORT | 현재가 528.86000000 | 가격 +1.316% | 수수료반영 +1.216% | +1,216원
[보유] BNBUSDT      SHORT | 현재가 565.05000000 | 가격 +0.818% | 수수료반영 +0.718% | +718원
[보유] DOGEUSDT     SHORT | 현재가 0.07142000 | 가격 +0.251% | 수수료반영 +0.151% | +151원
[보유] ZECUSDT      SHORT | 현재가 528.92000000 | 가격 +1.304% | 수수료반영 +1.204% | +1,204원
[보유] BNBUSDT      SHORT | 현재가 565.06000000 | 가격 +0.816% | 수수료반영 +0.716% | +716원
[보유] DOGEUSDT     SHORT | 현재가 0.07142000 | 가격 +0.251% | 수수료반영 +0.151% | +151원
[보유] ZECUSDT      SHORT | 현재가 528.99000000 | 가격 +1.291% | 수수료반영 +1.191% | +1,191원
[보유] BNBUSDT      SHORT | 현재가 565.06000000 | 가격 +0.816% | 수수료반영 +0.716% | +716원
[보유] DOGEUSDT     SHORT | 현재가 0.07143000 | 가격 +0.237% | 수수료반영 +0.137% | +137원
[보유] ZECUSDT      SHORT | 현재가 528.86000000 | 가격 +1.316% | 수수료반영 +1.216% | +1,216원
[보유] BNBUSDT      SHORT | 현재가 565.06000000 | 가격 +0.816% | 수수료반영 +0.716% | +716원
[보유] DOGEUSDT     SHORT | 현재가 0.07142000 | 가격 +0.251% | 수수료반영 +0.151% | +151원
[보유] ZECUSDT      SHORT | 현재가 528.73000000 | 가격 +1.340% | 수수료반영 +1.240% | +1,240원
[보유] BNBUSDT      SHORT | 현재가 565.06000000 | 가격 +0.816% | 수수료반영 +0.716% | +716원
[보유] DOGEUSDT     SHORT | 현재가 0.07142000 | 가격 +0.251% | 수수료반영 +0.151% | +151원
[보유] ZECUSDT      SHORT | 현재가 528.73000000 | 가격 +1.340% | 수수료반영 +1.240% | +1,240원
[보유] BNBUSDT      SHORT | 현재가 565.05000000 | 가격 +0.818% | 수수료반영 +0.718% | +718원
[보유] DOGEUSDT     SHORT | 현재가 0.07142000 | 가격 +0.251% | 수수료반영 +0.151% | +151원
[보유] ZECUSDT      SHORT | 현재가 529.06000000 | 가격 +1.278% | 수수료반영 +1.178% | +1,178원
[보유] BNBUSDT      SHORT | 현재가 565.06000000 | 가격 +0.816% | 수수료반영 +0.716% | +716원
[보유] DOGEUSDT     SHORT | 현재가 0.07142000 | 가격 +0.251% | 수수료반영 +0.151% | +151원
[보유] ZECUSDT      SHORT | 현재가 529.04000000 | 가격 +1.282% | 수수료반영 +1.182% | +1,182원
[보유] BNBUSDT      SHORT | 현재가 565.05000000 | 가격 +0.818% | 수수료반영 +0.718% | +718원
[보유] DOGEUSDT     SHORT | 현재가 0.07142000 | 가격 +0.251% | 수수료반영 +0.151% | +151원
[보유] ZECUSDT      SHORT | 현재가 528.74000000 | 가격 +1.338% | 수수료반영 +1.238% | +1,238원
[보유] BNBUSDT      SHORT | 현재가 565.01000000 | 가격 +0.825% | 수수료반영 +0.725% | +725원
[보유] DOGEUSDT     SHORT | 현재가 0.07140000 | 가격 +0.279% | 수수료반영 +0.179% | +179원
[보유] ZECUSDT      SHORT | 현재가 528.95000000 | 가격 +1.299% | 수수료반영 +1.199% | +1,199원
[보유] BNBUSDT      SHORT | 현재가 565.10000000 | 가격 +0.809% | 수수료반영 +0.709% | +709원
[보유] DOGEUSDT     SHORT | 현재가 0.07144000 | 가격 +0.223% | 수수료반영 +0.123% | +123원
[보유] ZECUSDT      SHORT | 현재가 528.86000000 | 가격 +1.316% | 수수료반영 +1.216% | +1,216원
[보유] BNBUSDT      SHORT | 현재가 565.10000000 | 가격 +0.809% | 수수료반영 +0.709% | +709원
[보유] DOGEUSDT     SHORT | 현재가 0.07143000 | 가격 +0.237% | 수수료반영 +0.137% | +137원
시장 스캔을 시작합니다.
===========================================================================
안전 필터 적용 시장 스캔
===========================================================================
최소 상장 기간: 30일
24시간 과열 제외: ±20.0% 이상
최소 진입 점수: 45점
안전 필터 통과 종목: 515개
24시간 ±20% 과열 제외: 8개
분석 대상: 거래대금 상위 20개
 1/20 BTCUSDT        상승 | 5분 +0.008% | 24시간 -1.96% | RSI 57.9
 2/20 ETHUSDT        상승 | 5분 -0.002% | 24시간 -3.09% | RSI 54.9
 3/20 SOLUSDT        상승 | 5분 -0.040% | 24시간 -2.23% | RSI 47.6
 4/20 HYPEUSDT       상승 | 5분 +0.133% | 24시간 -9.70% | RSI 56.1
 5/20 ZECUSDT        하락 | 5분 -0.074% | 24시간 -3.88% | RSI 39.3
 6/20 XRPUSDT        상승 | 5분 +0.037% | 24시간 -1.91% | RSI 58.6
 7/20 DOGEUSDT       하락 | 5분 +0.028% | 24시간 -2.31% | RSI 52.2
 8/20 ONDOUSDT       상승 | 5분 +0.247% | 24시간 -0.90% | RSI 60.6
 9/20 BNBUSDT        하락 | 5분 +0.011% | 24시간 -2.14% | RSI 59.2
10/20 NEARUSDT       하락 | 5분 +0.053% | 24시간 -6.16% | RSI 44.1
프로그램을 종료합니다.
============================================================
BinanceBot 가상매매 성적표
============================================================
총 거래 횟수: 1회
승리: 0회
손실: 1회
승률: 0.00%
누적 손익: -1,246원
평균 거래 수익률: -1.246%
평균 수익금: +0원
평균 손실금: -1,246원
최고 거래: ONDOUSDT LONG -1,246원
최악 거래: ONDOUSDT LONG -1,246원
평균 보유시간: 50분
최대 연속 승리: 0회
최대 연속 손실: 1회
코인별 성과
------------------------------------------------------------
ONDOUSDT         1회 | 승률   0.00% | 손익 -1,246원
============================================================
------------------------------------------------------------
오늘 실현손익: -1,246원 (-0.125%)
신규 거래 상태: 가능
------------------------------------------------------------

[2026-07-17 18:05:34] 사용자가 실행을 종료했습니다.
======================================================================
BinanceBot 자동 실행 관리자
======================================================================
실행 파일: main.py
봇 종료 시 자동으로 재시작합니다.
완전히 종료하려면 Ctrl + C

[2026-07-17 18:05:51] BinanceBot을 시작합니다.
======================================================================
BinanceBot v2.2
======================================================================
현재 모드: 가상매매
저장된 가상잔고: 998,754원
복구된 포지션: 3개
최대 포지션: 3개
포지션당 투입 비율: 10.0%
최소 진입 점수: 45점
손절: -1.0%
익절: +3.0%
왕복 수수료 가정: 0.1%
스캔 주기: 60초
종료: Ctrl + C
============================================================
BinanceBot 가상매매 성적표
============================================================
총 거래 횟수: 1회
승리: 0회
손실: 1회
승률: 0.00%
누적 손익: -1,246원
평균 거래 수익률: -1.246%
평균 수익금: +0원
평균 손실금: -1,246원
최고 거래: ONDOUSDT LONG -1,246원
최악 거래: ONDOUSDT LONG -1,246원
평균 보유시간: 50분
최대 연속 승리: 0회
최대 연속 손실: 1회
코인별 성과
------------------------------------------------------------
ONDOUSDT         1회 | 승률   0.00% | 손익 -1,246원
============================================================
------------------------------------------------------------
오늘 실현손익: -1,246원 (-0.125%)
신규 거래 상태: 가능
------------------------------------------------------------
[보유] ZECUSDT      SHORT | 현재가 528.99000000 | 가격 +1.291% | 수수료반영 +1.191% | +1,191원
[보유] BNBUSDT      SHORT | 현재가 565.09000000 | 가격 +0.811% | 수수료반영 +0.711% | +711원
[보유] DOGEUSDT     SHORT | 현재가 0.07143000 | 가격 +0.237% | 수수료반영 +0.137% | +137원
시장 스캔을 시작합니다.
===========================================================================
안전 필터 적용 시장 스캔
===========================================================================
최소 상장 기간: 30일
24시간 과열 제외: ±20.0% 이상
최소 진입 점수: 45점
안전 필터 통과 종목: 515개
24시간 ±20% 과열 제외: 8개
분석 대상: 거래대금 상위 20개
 1/20 BTCUSDT        상승 | 5분 +0.008% | 24시간 -1.97% | RSI 57.9
 2/20 ETHUSDT        상승 | 5분 -0.002% | 24시간 -3.10% | RSI 54.9
 3/20 SOLUSDT        상승 | 5분 -0.040% | 24시간 -2.22% | RSI 47.6
 4/20 HYPEUSDT       상승 | 5분 +0.133% | 24시간 -9.75% | RSI 56.1
 5/20 ZECUSDT        하락 | 5분 -0.074% | 24시간 -3.85% | RSI 39.3
 6/20 XRPUSDT        상승 | 5분 +0.037% | 24시간 -1.91% | RSI 58.6
 7/20 DOGEUSDT       하락 | 5분 +0.028% | 24시간 -2.31% | RSI 52.2
 8/20 ONDOUSDT       상승 | 5분 +0.247% | 24시간 -0.90% | RSI 60.6
 9/20 BNBUSDT        하락 | 5분 +0.011% | 24시간 -2.15% | RSI 59.2
10/20 NEARUSDT       하락 | 5분 +0.053% | 24시간 -6.16% | RSI 44.1
11/20 LABUSDT        상승 | 5분 -0.862% | 24시간 -12.01% | RSI 55.3
12/20 1000PEPEUSDT   상승 | 5분 +0.033% | 24시간 +0.73% | RSI 65.3
13/20 USUSDT         상승 | 5분 +0.402% | 24시간 +13.97% | RSI 63.4
14/20 WLDUSDT        상승 | 5분 +0.079% | 24시간 -5.16% | RSI 60.0
15/20 SUIUSDT        상승 | 5분 +0.041% | 24시간 -1.39% | RSI 60.7
16/20 ADAUSDT        상승 | 5분 -0.063% | 24시간 -1.42% | RSI 59.0
17/20 MANTRAUSDT     하락 | 5분 -0.970% | 24시간 +4.31% | RSI 37.1
18/20 PUMPUSDT       하락 | 5분 +0.123% | 24시간 +0.80% | RSI 46.3
19/20 DEXEUSDT       하락 | 5분 +0.282% | 24시간 -0.06% | RSI 47.5
20/20 LINKUSDT       상승 | 5분 +0.000% | 24시간 -3.16% | RSI 52.3
가상 진입 후보
MANTRAUSDT     SHORT 95점
USUSDT         LONG  75점
NEARUSDT       SHORT 60점
SOLUSDT        LONG  50점
XRPUSDT        LONG  50점
최대 포지션 개수에 도달했습니다.
======================================================================
가상잔고: 998,754원
보유 포지션: 3/3
- ZECUSDT      SHORT | 진입가 535.91000000 | 투입금 100,000원
- BNBUSDT      SHORT | 진입가 569.71000000 | 투입금 100,000원
- DOGEUSDT     SHORT | 진입가 0.07160000 | 투입금 99,875원
======================================================================
------------------------------------------------------------
오늘 실현손익: -1,246원 (-0.125%)
신규 거래 상태: 가능
------------------------------------------------------------
[보유] ZECUSDT      SHORT | 현재가 528.99000000 | 가격 +1.291% | 수수료반영 +1.191% | +1,191원
[보유] BNBUSDT      SHORT | 현재가 565.09000000 | 가격 +0.811% | 수수료반영 +0.711% | +711원
[보유] DOGEUSDT     SHORT | 현재가 0.07142000 | 가격 +0.251% | 수수료반영 +0.151% | +151원
[보유] ZECUSDT      SHORT | 현재가 528.57000000 | 가격 +1.370% | 수수료반영 +1.270% | +1,270원
[보유] BNBUSDT      SHORT | 현재가 565.12000000 | 가격 +0.806% | 수수료반영 +0.706% | +706원
[보유] DOGEUSDT     SHORT | 현재가 0.07142000 | 가격 +0.251% | 수수료반영 +0.151% | +151원
[보유] ZECUSDT      SHORT | 현재가 528.71000000 | 가격 +1.344% | 수수료반영 +1.244% | +1,244원
[보유] BNBUSDT      SHORT | 현재가 565.12000000 | 가격 +0.806% | 수수료반영 +0.706% | +706원
[보유] DOGEUSDT     SHORT | 현재가 0.07142000 | 가격 +0.251% | 수수료반영 +0.151% | +151원
[보유] ZECUSDT      SHORT | 현재가 528.66000000 | 가격 +1.353% | 수수료반영 +1.253% | +1,253원
[보유] BNBUSDT      SHORT | 현재가 565.12000000 | 가격 +0.806% | 수수료반영 +0.706% | +706원
[보유] DOGEUSDT     SHORT | 현재가 0.07142000 | 가격 +0.251% | 수수료반영 +0.151% | +151원
[보유] ZECUSDT      SHORT | 현재가 528.65000000 | 가격 +1.355% | 수수료반영 +1.255% | +1,255원
[보유] BNBUSDT      SHORT | 현재가 565.12000000 | 가격 +0.806% | 수수료반영 +0.706% | +706원
[보유] DOGEUSDT     SHORT | 현재가 0.07143000 | 가격 +0.237% | 수수료반영 +0.137% | +137원
[보유] ZECUSDT      SHORT | 현재가 528.77000000 | 가격 +1.332% | 수수료반영 +1.232% | +1,232원
[보유] BNBUSDT      SHORT | 현재가 565.32000000 | 가격 +0.771% | 수수료반영 +0.671% | +671원
[보유] DOGEUSDT     SHORT | 현재가 0.07144000 | 가격 +0.223% | 수수료반영 +0.123% | +123원
[보유] ZECUSDT      SHORT | 현재가 528.85000000 | 가격 +1.317% | 수수료반영 +1.217% | +1,217원
[보유] BNBUSDT      SHORT | 현재가 565.34000000 | 가격 +0.767% | 수수료반영 +0.667% | +667원
[보유] DOGEUSDT     SHORT | 현재가 0.07144000 | 가격 +0.223% | 수수료반영 +0.123% | +123원
[보유] ZECUSDT      SHORT | 현재가 528.86000000 | 가격 +1.316% | 수수료반영 +1.216% | +1,216원
[보유] BNBUSDT      SHORT | 현재가 565.36000000 | 가격 +0.764% | 수수료반영 +0.664% | +664원
[보유] DOGEUSDT     SHORT | 현재가 0.07145000 | 가격 +0.209% | 수수료반영 +0.109% | +109원
[보유] ZECUSDT      SHORT | 현재가 528.89000000 | 가격 +1.310% | 수수료반영 +1.210% | +1,210원
[보유] BNBUSDT      SHORT | 현재가 565.34000000 | 가격 +0.767% | 수수료반영 +0.667% | +667원
[보유] DOGEUSDT     SHORT | 현재가 0.07145000 | 가격 +0.209% | 수수료반영 +0.109% | +109원
[보유] ZECUSDT      SHORT | 현재가 528.45000000 | 가격 +1.392% | 수수료반영 +1.292% | +1,292원
[보유] BNBUSDT      SHORT | 현재가 565.31000000 | 가격 +0.772% | 수수료반영 +0.672% | +672원
[보유] DOGEUSDT     SHORT | 현재가 0.07145000 | 가격 +0.209% | 수수료반영 +0.109% | +109원
[보유] ZECUSDT      SHORT | 현재가 528.44000000 | 가격 +1.394% | 수수료반영 +1.294% | +1,294원
[보유] BNBUSDT      SHORT | 현재가 565.31000000 | 가격 +0.772% | 수수료반영 +0.672% | +672원
[보유] DOGEUSDT     SHORT | 현재가 0.07144000 | 가격 +0.223% | 수수료반영 +0.123% | +123원
[보유] ZECUSDT      SHORT | 현재가 528.44000000 | 가격 +1.394% | 수수료반영 +1.294% | +1,294원
[보유] BNBUSDT      SHORT | 현재가 565.28000000 | 가격 +0.778% | 수수료반영 +0.678% | +678원
[보유] DOGEUSDT     SHORT | 현재가 0.07144000 | 가격 +0.223% | 수수료반영 +0.123% | +123원
[보유] ZECUSDT      SHORT | 현재가 528.29000000 | 가격 +1.422% | 수수료반영 +1.322% | +1,322원
[보유] BNBUSDT      SHORT | 현재가 565.28000000 | 가격 +0.778% | 수수료반영 +0.678% | +678원
[보유] DOGEUSDT     SHORT | 현재가 0.07144000 | 가격 +0.223% | 수수료반영 +0.123% | +123원
시장 스캔을 시작합니다.
===========================================================================
안전 필터 적용 시장 스캔
===========================================================================
최소 상장 기간: 30일
24시간 과열 제외: ±20.0% 이상
최소 진입 점수: 45점
안전 필터 통과 종목: 515개
24시간 ±20% 과열 제외: 8개
분석 대상: 거래대금 상위 20개
 1/20 BTCUSDT        상승 | 5분 -0.003% | 24시간 -1.93% | RSI 59.1
 2/20 ETHUSDT        상승 | 5분 +0.021% | 24시간 -2.99% | RSI 58.0
 3/20 SOLUSDT        상승 | 5분 -0.027% | 24시간 -2.14% | RSI 52.7
 4/20 HYPEUSDT       상승 | 5분 -0.345% | 24시간 -9.87% | RSI 42.6
 5/20 ZECUSDT        하락 | 5분 -0.129% | 24시간 -3.87% | RSI 35.3
 6/20 XRPUSDT        상승 | 5분 +0.092% | 24시간 -1.84% | RSI 65.2
 7/20 DOGEUSDT       하락 | 5분 +0.028% | 24시간 -2.31% | RSI 54.0
 8/20 ONDOUSDT       상승 | 5분 +0.604% | 24시간 -0.70% | RSI 70.7
 9/20 BNBUSDT        하락 | 5분 +0.019% | 24시간 -2.09% | RSI 64.2
10/20 NEARUSDT       하락 | 5분 +0.422% | 24시간 -6.02% | RSI 58.1
11/20 LABUSDT        상승 | 5분 -1.231% | 24시간 -12.64% | RSI 58.0
12/20 1000PEPEUSDT   상승 | 5분 +0.099% | 24시간 +0.79% | RSI 67.2
13/20 USUSDT         상승 | 5분 +1.744% | 24시간 +19.09% | RSI 70.0
14/20 WLDUSDT        상승 | 5분 +0.185% | 24시간 -5.13% | RSI 68.0
15/20 SUIUSDT        상승 | 5분 +0.069% | 24시간 -1.35% | RSI 63.1
16/20 ADAUSDT        상승 | 5분 +0.000% | 24시간 -1.36% | RSI 62.2
17/20 MANTRAUSDT     하락 | 5분 -0.568% | 24시간 +4.28% | RSI 43.3
18/20 PUMPUSDT       하락 | 5분 +0.369% | 24시간 +0.80% | RSI 46.3
19/20 DEXEUSDT       하락 | 5분 +0.283% | 24시간 -0.45% | RSI 45.7
20/20 LINKUSDT       상승 | 5분 +0.012% | 24시간 -3.14% | RSI 55.6
가상 진입 후보
ONDOUSDT       LONG  80점
1000PEPEUSDT   LONG  65점
BNBUSDT        SHORT 60점
NEARUSDT       SHORT 60점
USUSDT         LONG  55점
최대 포지션 개수에 도달했습니다.
======================================================================
가상잔고: 998,754원
보유 포지션: 3/3
- ZECUSDT      SHORT | 진입가 535.91000000 | 투입금 100,000원
- BNBUSDT      SHORT | 진입가 569.71000000 | 투입금 100,000원
- DOGEUSDT     SHORT | 진입가 0.07160000 | 투입금 99,875원
======================================================================
------------------------------------------------------------
오늘 실현손익: -1,246원 (-0.125%)
신규 거래 상태: 가능
------------------------------------------------------------
[보유] ZECUSDT      SHORT | 현재가 528.47000000 | 가격 +1.388% | 수수료반영 +1.288% | +1,288원
[보유] BNBUSDT      SHORT | 현재가 565.27000000 | 가격 +0.779% | 수수료반영 +0.679% | +679원
[보유] DOGEUSDT     SHORT | 현재가 0.07148000 | 가격 +0.168% | 수수료반영 +0.068% | +68원
[보유] ZECUSDT      SHORT | 현재가 528.72000000 | 가격 +1.342% | 수수료반영 +1.242% | +1,242원
[보유] BNBUSDT      SHORT | 현재가 565.36000000 | 가격 +0.764% | 수수료반영 +0.664% | +664원
[보유] DOGEUSDT     SHORT | 현재가 0.07147000 | 가격 +0.182% | 수수료반영 +0.082% | +81원
[보유] ZECUSDT      SHORT | 현재가 529.01000000 | 가격 +1.288% | 수수료반영 +1.188% | +1,188원
[보유] BNBUSDT      SHORT | 현재가 565.36000000 | 가격 +0.764% | 수수료반영 +0.664% | +664원
[보유] DOGEUSDT     SHORT | 현재가 0.07148000 | 가격 +0.168% | 수수료반영 +0.068% | +68원
[보유] ZECUSDT      SHORT | 현재가 528.79000000 | 가격 +1.329% | 수수료반영 +1.229% | +1,229원
[보유] BNBUSDT      SHORT | 현재가 565.23000000 | 가격 +0.786% | 수수료반영 +0.686% | +686원
[보유] DOGEUSDT     SHORT | 현재가 0.07149000 | 가격 +0.154% | 수수료반영 +0.054% | +54원
[보유] ZECUSDT      SHORT | 현재가 528.79000000 | 가격 +1.329% | 수수료반영 +1.229% | +1,229원
[보유] BNBUSDT      SHORT | 현재가 565.28000000 | 가격 +0.778% | 수수료반영 +0.678% | +678원
[보유] DOGEUSDT     SHORT | 현재가 0.07149000 | 가격 +0.154% | 수수료반영 +0.054% | +54원
[보유] ZECUSDT      SHORT | 현재가 529.03000000 | 가격 +1.284% | 수수료반영 +1.184% | +1,184원
[보유] BNBUSDT      SHORT | 현재가 565.28000000 | 가격 +0.778% | 수수료반영 +0.678% | +678원
[보유] DOGEUSDT     SHORT | 현재가 0.07150000 | 가격 +0.140% | 수수료반영 +0.040% | +40원
[보유] ZECUSDT      SHORT | 현재가 529.24000000 | 가격 +1.245% | 수수료반영 +1.145% | +1,145원
[보유] BNBUSDT      SHORT | 현재가 565.38000000 | 가격 +0.760% | 수수료반영 +0.660% | +660원
[보유] DOGEUSDT     SHORT | 현재가 0.07151000 | 가격 +0.126% | 수수료반영 +0.026% | +26원
[보유] ZECUSDT      SHORT | 현재가 529.19000000 | 가격 +1.254% | 수수료반영 +1.154% | +1,154원
[보유] BNBUSDT      SHORT | 현재가 565.53000000 | 가격 +0.734% | 수수료반영 +0.634% | +634원
[보유] DOGEUSDT     SHORT | 현재가 0.07152000 | 가격 +0.112% | 수수료반영 +0.012% | +12원
[보유] ZECUSDT      SHORT | 현재가 529.19000000 | 가격 +1.254% | 수수료반영 +1.154% | +1,154원
[보유] BNBUSDT      SHORT | 현재가 565.38000000 | 가격 +0.760% | 수수료반영 +0.660% | +660원
[보유] DOGEUSDT     SHORT | 현재가 0.07153000 | 가격 +0.098% | 수수료반영 -0.002% | -2원
[보유] ZECUSDT      SHORT | 현재가 529.03000000 | 가격 +1.284% | 수수료반영 +1.184% | +1,184원
[보유] BNBUSDT      SHORT | 현재가 565.13000000 | 가격 +0.804% | 수수료반영 +0.704% | +704원
[보유] DOGEUSDT     SHORT | 현재가 0.07151000 | 가격 +0.126% | 수수료반영 +0.026% | +26원
[보유] ZECUSDT      SHORT | 현재가 528.99000000 | 가격 +1.291% | 수수료반영 +1.191% | +1,191원
[보유] BNBUSDT      SHORT | 현재가 565.13000000 | 가격 +0.804% | 수수료반영 +0.704% | +704원
[보유] DOGEUSDT     SHORT | 현재가 0.07150000 | 가격 +0.140% | 수수료반영 +0.040% | +40원
[보유] ZECUSDT      SHORT | 현재가 528.94000000 | 가격 +1.301% | 수수료반영 +1.201% | +1,201원
[보유] BNBUSDT      SHORT | 현재가 565.13000000 | 가격 +0.804% | 수수료반영 +0.704% | +704원
[보유] DOGEUSDT     SHORT | 현재가 0.07148000 | 가격 +0.168% | 수수료반영 +0.068% | +68원
[보유] ZECUSDT      SHORT | 현재가 528.67000000 | 가격 +1.351% | 수수료반영 +1.251% | +1,251원
[보유] BNBUSDT      SHORT | 현재가 564.84000000 | 가격 +0.855% | 수수료반영 +0.755% | +755원
[보유] DOGEUSDT     SHORT | 현재가 0.07147000 | 가격 +0.182% | 수수료반영 +0.082% | +81원
시장 스캔을 시작합니다.
===========================================================================
안전 필터 적용 시장 스캔
===========================================================================
최소 상장 기간: 30일
24시간 과열 제외: ±20.0% 이상
최소 진입 점수: 45점
안전 필터 통과 종목: 516개
24시간 ±20% 과열 제외: 7개
분석 대상: 거래대금 상위 20개
 1/20 BTCUSDT        상승 | 5분 +0.065% | 24시간 -1.86% | RSI 64.2
 2/20 ETHUSDT        상승 | 5분 +0.057% | 24시간 -2.90% | RSI 60.8
 3/20 SOLUSDT        상승 | 5분 +0.067% | 24시간 -2.09% | RSI 55.0
 4/20 HYPEUSDT       상승 | 5분 -0.067% | 24시간 -9.53% | RSI 55.4
 5/20 ZECUSDT        하락 | 5분 +0.125% | 24시간 -3.49% | RSI 43.5
 6/20 XRPUSDT        상승 | 5분 +0.157% | 24시간 -1.79% | RSI 67.2
 7/20 DOGEUSDT       하락 | 5분 +0.168% | 24시간 -2.23% | RSI 59.2
 8/20 ONDOUSDT       상승 | 5분 +1.289% | 24시간 -0.11% | RSI 81.3
 9/20 BNBUSDT        하락 | 5분 +0.014% | 24시간 -2.12% | RSI 59.0
10/20 NEARUSDT       하락 | 5분 +0.474% | 24시간 -5.97% | RSI 62.2
11/20 LABUSDT        상승 | 5분 -0.704% | 24시간 -13.45% | RSI 50.9
12/20 1000PEPEUSDT   상승 | 5분 +0.153% | 24시간 +0.76% | RSI 67.8
13/20 USUSDT         상승 | 5분 +0.767% | 24시간 +19.05% | RSI 60.7
14/20 WLDUSDT        상승 | 5분 +0.211% | 24시간 -5.23% | RSI 69.0
15/20 SUIUSDT        상승 | 5분 +0.192% | 24시간 -1.28% | RSI 67.5
16/20 ADAUSDT        상승 | 5분 +0.188% | 24시간 -1.30% | RSI 67.6
17/20 MANTRAUSDT     하락 | 5분 -0.180% | 24시간 +4.50% | RSI 50.2
18/20 PUMPUSDT       하락 | 5분 +0.307% | 24시간 +0.74% | RSI 48.3
19/20 DEXEUSDT       하락 | 5분 +0.028% | 24시간 -0.06% | RSI 46.4
20/20 LINKUSDT       상승 | 5분 +0.135% | 24시간 -3.02% | RSI 63.0
가상 진입 후보
USUSDT         LONG  95점
LINKUSDT       LONG  75점
BTCUSDT        LONG  70점
XRPUSDT        LONG  70점
SUIUSDT        LONG  70점
최대 포지션 개수에 도달했습니다.
======================================================================
가상잔고: 998,754원
보유 포지션: 3/3
- ZECUSDT      SHORT | 진입가 535.91000000 | 투입금 100,000원
- BNBUSDT      SHORT | 진입가 569.71000000 | 투입금 100,000원
- DOGEUSDT     SHORT | 진입가 0.07160000 | 투입금 99,875원
======================================================================
------------------------------------------------------------
오늘 실현손익: -1,246원 (-0.125%)
신규 거래 상태: 가능
------------------------------------------------------------
[보유] ZECUSDT      SHORT | 현재가 528.67000000 | 가격 +1.351% | 수수료반영 +1.251% | +1,251원
[보유] BNBUSDT      SHORT | 현재가 564.83000000 | 가격 +0.857% | 수수료반영 +0.757% | +757원
[보유] DOGEUSDT     SHORT | 현재가 0.07147000 | 가격 +0.182% | 수수료반영 +0.082% | +81원
[보유] ZECUSDT      SHORT | 현재가 528.67000000 | 가격 +1.351% | 수수료반영 +1.251% | +1,251원
[보유] BNBUSDT      SHORT | 현재가 564.68000000 | 가격 +0.883% | 수수료반영 +0.783% | +783원
[보유] DOGEUSDT     SHORT | 현재가 0.07146000 | 가격 +0.196% | 수수료반영 +0.096% | +95원
[보유] ZECUSDT      SHORT | 현재가 528.75000000 | 가격 +1.336% | 수수료반영 +1.236% | +1,236원
[보유] BNBUSDT      SHORT | 현재가 564.73000000 | 가격 +0.874% | 수수료반영 +0.774% | +774원
[보유] DOGEUSDT     SHORT | 현재가 0.07147000 | 가격 +0.182% | 수수료반영 +0.082% | +81원
[보유] ZECUSDT      SHORT | 현재가 529.02000000 | 가격 +1.286% | 수수료반영 +1.186% | +1,186원
[보유] BNBUSDT      SHORT | 현재가 564.77000000 | 가격 +0.867% | 수수료반영 +0.767% | +767원
[보유] DOGEUSDT     SHORT | 현재가 0.07148000 | 가격 +0.168% | 수수료반영 +0.068% | +68원
[보유] ZECUSDT      SHORT | 현재가 528.96000000 | 가격 +1.297% | 수수료반영 +1.197% | +1,197원
[보유] BNBUSDT      SHORT | 현재가 564.82000000 | 가격 +0.858% | 수수료반영 +0.758% | +758원
[보유] DOGEUSDT     SHORT | 현재가 0.07148000 | 가격 +0.168% | 수수료반영 +0.068% | +68원
[보유] ZECUSDT      SHORT | 현재가 528.86000000 | 가격 +1.316% | 수수료반영 +1.216% | +1,216원
[보유] BNBUSDT      SHORT | 현재가 564.95000000 | 가격 +0.836% | 수수료반영 +0.736% | +736원
[보유] DOGEUSDT     SHORT | 현재가 0.07148000 | 가격 +0.168% | 수수료반영 +0.068% | +68원
[보유] ZECUSDT      SHORT | 현재가 528.74000000 | 가격 +1.338% | 수수료반영 +1.238% | +1,238원
[보유] BNBUSDT      SHORT | 현재가 564.83000000 | 가격 +0.857% | 수수료반영 +0.757% | +757원
[보유] DOGEUSDT     SHORT | 현재가 0.07148000 | 가격 +0.168% | 수수료반영 +0.068% | +68원
[보유] ZECUSDT      SHORT | 현재가 528.56000000 | 가격 +1.371% | 수수료반영 +1.271% | +1,271원
[보유] BNBUSDT      SHORT | 현재가 564.94000000 | 가격 +0.837% | 수수료반영 +0.737% | +737원
[보유] DOGEUSDT     SHORT | 현재가 0.07148000 | 가격 +0.168% | 수수료반영 +0.068% | +68원
[보유] ZECUSDT      SHORT | 현재가 528.85000000 | 가격 +1.317% | 수수료반영 +1.217% | +1,217원
[보유] BNBUSDT      SHORT | 현재가 564.94000000 | 가격 +0.837% | 수수료반영 +0.737% | +737원
[보유] DOGEUSDT     SHORT | 현재가 0.07148000 | 가격 +0.168% | 수수료반영 +0.068% | +68원
[보유] ZECUSDT      SHORT | 현재가 528.94000000 | 가격 +1.301% | 수수료반영 +1.201% | +1,201원
[보유] BNBUSDT      SHORT | 현재가 565.00000000 | 가격 +0.827% | 수수료반영 +0.727% | +727원
[보유] DOGEUSDT     SHORT | 현재가 0.07148000 | 가격 +0.168% | 수수료반영 +0.068% | +68원
[보유] ZECUSDT      SHORT | 현재가 528.99000000 | 가격 +1.291% | 수수료반영 +1.191% | +1,191원
[보유] BNBUSDT      SHORT | 현재가 565.00000000 | 가격 +0.827% | 수수료반영 +0.727% | +727원
[보유] DOGEUSDT     SHORT | 현재가 0.07148000 | 가격 +0.168% | 수수료반영 +0.068% | +68원
[보유] ZECUSDT      SHORT | 현재가 529.07000000 | 가격 +1.276% | 수수료반영 +1.176% | +1,176원
[보유] BNBUSDT      SHORT | 현재가 565.02000000 | 가격 +0.823% | 수수료반영 +0.723% | +723원
[보유] DOGEUSDT     SHORT | 현재가 0.07149000 | 가격 +0.154% | 수수료반영 +0.054% | +54원
[보유] ZECUSDT      SHORT | 현재가 528.74000000 | 가격 +1.338% | 수수료반영 +1.238% | +1,238원
[보유] BNBUSDT      SHORT | 현재가 564.99000000 | 가격 +0.828% | 수수료반영 +0.728% | +728원
[보유] DOGEUSDT     SHORT | 현재가 0.07149000 | 가격 +0.154% | 수수료반영 +0.054% | +54원
시장 스캔을 시작합니다.
===========================================================================
안전 필터 적용 시장 스캔
===========================================================================
최소 상장 기간: 30일
24시간 과열 제외: ±20.0% 이상
최소 진입 점수: 45점
안전 필터 통과 종목: 515개
24시간 ±20% 과열 제외: 8개
분석 대상: 거래대금 상위 20개
 1/20 BTCUSDT        상승 | 5분 +0.043% | 24시간 -1.85% | RSI 59.2
 2/20 ETHUSDT        상승 | 5분 +0.005% | 24시간 -2.90% | RSI 56.3
 3/20 SOLUSDT        상승 | 5분 -0.013% | 24시간 -2.10% | RSI 48.5
 4/20 HYPEUSDT       상승 | 5분 -0.109% | 24시간 -9.62% | RSI 51.7
 5/20 ZECUSDT        하락 | 5분 +0.098% | 24시간 -3.48% | RSI 44.0
 6/20 XRPUSDT        상승 | 5분 +0.083% | 24시간 -1.78% | RSI 61.1
 7/20 DOGEUSDT       상승 | 5분 +0.056% | 24시간 -2.23% | RSI 56.9
 8/20 ONDOUSDT       상승 | 5분 +0.794% | 24시간 -0.14% | RSI 68.9
 9/20 BNBUSDT        하락 | 5분 -0.019% | 24시간 -2.12% | RSI 54.6
10/20 NEARUSDT       하락 | 5분 +0.474% | 24시간 -5.82% | RSI 62.2
11/20 LABUSDT        상승 | 5분 -0.598% | 24시간 -13.84% | RSI 49.4
12/20 1000PEPEUSDT   상승 | 5분 +0.047% | 24시간 +0.69% | RSI 67.1
13/20 USUSDT         상승 | 5분 +0.910% | 24시간 +18.43% | RSI 57.6
14/20 WLDUSDT        상승 | 5분 +0.211% | 24시간 -5.10% | RSI 66.7
15/20 SUIUSDT        상승 | 5분 +0.110% | 24시간 -1.27% | RSI 66.1
16/20 ADAUSDT        상승 | 5분 +0.063% | 24시간 -1.17% | RSI 62.8
17/20 MANTRAUSDT     하락 | 5분 +0.075% | 24시간 +4.58% | RSI 47.0
18/20 PUMPUSDT       하락 | 5분 +0.061% | 24시간 +0.74% | RSI 46.4
19/20 DEXEUSDT       하락 | 5분 +0.226% | 24시간 +0.14% | RSI 46.4
20/20 LINKUSDT       상승 | 5분 +0.073% | 24시간 -3.01% | RSI 59.0
가상 진입 후보
BNBUSDT        SHORT 75점
USUSDT         LONG  75점
LINKUSDT       LONG  75점
LABUSDT        LONG  65점
ADAUSDT        LONG  65점
최대 포지션 개수에 도달했습니다.
======================================================================
가상잔고: 998,754원
보유 포지션: 3/3
- ZECUSDT      SHORT | 진입가 535.91000000 | 투입금 100,000원
- BNBUSDT      SHORT | 진입가 569.71000000 | 투입금 100,000원
- DOGEUSDT     SHORT | 진입가 0.07160000 | 투입금 99,875원
======================================================================
------------------------------------------------------------
오늘 실현손익: -1,246원 (-0.125%)
신규 거래 상태: 가능
------------------------------------------------------------
[보유] ZECUSDT      SHORT | 현재가 528.67000000 | 가격 +1.351% | 수수료반영 +1.251% | +1,251원
[보유] BNBUSDT      SHORT | 현재가 564.99000000 | 가격 +0.828% | 수수료반영 +0.728% | +728원
[보유] DOGEUSDT     SHORT | 현재가 0.07149000 | 가격 +0.154% | 수수료반영 +0.054% | +54원
[보유] ZECUSDT      SHORT | 현재가 528.75000000 | 가격 +1.336% | 수수료반영 +1.236% | +1,236원
[보유] BNBUSDT      SHORT | 현재가 564.96000000 | 가격 +0.834% | 수수료반영 +0.734% | +734원
[보유] DOGEUSDT     SHORT | 현재가 0.07150000 | 가격 +0.140% | 수수료반영 +0.040% | +40원
[보유] ZECUSDT      SHORT | 현재가 528.81000000 | 가격 +1.325% | 수수료반영 +1.225% | +1,225원
[보유] BNBUSDT      SHORT | 현재가 564.96000000 | 가격 +0.834% | 수수료반영 +0.734% | +734원
[보유] DOGEUSDT     SHORT | 현재가 0.07147000 | 가격 +0.182% | 수수료반영 +0.082% | +81원
[보유] ZECUSDT      SHORT | 현재가 528.82000000 | 가격 +1.323% | 수수료반영 +1.223% | +1,223원
[보유] BNBUSDT      SHORT | 현재가 564.97000000 | 가격 +0.832% | 수수료반영 +0.732% | +732원
[보유] DOGEUSDT     SHORT | 현재가 0.07148000 | 가격 +0.168% | 수수료반영 +0.068% | +68원
[보유] ZECUSDT      SHORT | 현재가 528.75000000 | 가격 +1.336% | 수수료반영 +1.236% | +1,236원
[보유] BNBUSDT      SHORT | 현재가 564.96000000 | 가격 +0.834% | 수수료반영 +0.734% | +734원
[보유] DOGEUSDT     SHORT | 현재가 0.07147000 | 가격 +0.182% | 수수료반영 +0.082% | +81원
[보유] ZECUSDT      SHORT | 현재가 528.56000000 | 가격 +1.371% | 수수료반영 +1.271% | +1,271원
[보유] BNBUSDT      SHORT | 현재가 564.97000000 | 가격 +0.832% | 수수료반영 +0.732% | +732원
[보유] DOGEUSDT     SHORT | 현재가 0.07147000 | 가격 +0.182% | 수수료반영 +0.082% | +81원
[보유] ZECUSDT      SHORT | 현재가 528.56000000 | 가격 +1.371% | 수수료반영 +1.271% | +1,271원
[보유] BNBUSDT      SHORT | 현재가 564.97000000 | 가격 +0.832% | 수수료반영 +0.732% | +732원
[보유] DOGEUSDT     SHORT | 현재가 0.07147000 | 가격 +0.182% | 수수료반영 +0.082% | +81원
[보유] ZECUSDT      SHORT | 현재가 528.58000000 | 가격 +1.368% | 수수료반영 +1.268% | +1,268원
[보유] BNBUSDT      SHORT | 현재가 564.96000000 | 가격 +0.834% | 수수료반영 +0.734% | +734원
[보유] DOGEUSDT     SHORT | 현재가 0.07147000 | 가격 +0.182% | 수수료반영 +0.082% | +81원
[보유] ZECUSDT      SHORT | 현재가 528.29000000 | 가격 +1.422% | 수수료반영 +1.322% | +1,322원
[보유] BNBUSDT      SHORT | 현재가 564.97000000 | 가격 +0.832% | 수수료반영 +0.732% | +732원
[보유] DOGEUSDT     SHORT | 현재가 0.07147000 | 가격 +0.182% | 수수료반영 +0.082% | +81원
[보유] ZECUSDT      SHORT | 현재가 528.24000000 | 가격 +1.431% | 수수료반영 +1.331% | +1,331원
[보유] BNBUSDT      SHORT | 현재가 564.97000000 | 가격 +0.832% | 수수료반영 +0.732% | +732원
[보유] DOGEUSDT     SHORT | 현재가 0.07146000 | 가격 +0.196% | 수수료반영 +0.096% | +95원
[보유] ZECUSDT      SHORT | 현재가 528.24000000 | 가격 +1.431% | 수수료반영 +1.331% | +1,331원
[보유] BNBUSDT      SHORT | 현재가 564.97000000 | 가격 +0.832% | 수수료반영 +0.732% | +732원
[보유] DOGEUSDT     SHORT | 현재가 0.07146000 | 가격 +0.196% | 수수료반영 +0.096% | +95원
[보유] ZECUSDT      SHORT | 현재가 528.57000000 | 가격 +1.370% | 수수료반영 +1.270% | +1,270원
[보유] BNBUSDT      SHORT | 현재가 564.97000000 | 가격 +0.832% | 수수료반영 +0.732% | +732원
[보유] DOGEUSDT     SHORT | 현재가 0.07146000 | 가격 +0.196% | 수수료반영 +0.096% | +95원
[보유] ZECUSDT      SHORT | 현재가 528.57000000 | 가격 +1.370% | 수수료반영 +1.270% | +1,270원
[보유] BNBUSDT      SHORT | 현재가 565.02000000 | 가격 +0.823% | 수수료반영 +0.723% | +723원
[보유] DOGEUSDT     SHORT | 현재가 0.07147000 | 가격 +0.182% | 수수료반영 +0.082% | +81원
시장 스캔을 시작합니다.
===========================================================================
안전 필터 적용 시장 스캔
===========================================================================
최소 상장 기간: 30일
24시간 과열 제외: ±20.0% 이상
최소 진입 점수: 45점
안전 필터 통과 종목: 516개
24시간 ±20% 과열 제외: 7개
분석 대상: 거래대금 상위 20개
 1/20 BTCUSDT        상승 | 5분 +0.033% | 24시간 -1.91% | RSI 59.1
 2/20 ETHUSDT        상승 | 5분 +0.007% | 24시간 -3.03% | RSI 53.2
 3/20 SOLUSDT        상승 | 5분 +0.040% | 24시간 -2.19% | RSI 51.0
 4/20 HYPEUSDT       상승 | 5분 -0.050% | 24시간 -9.65% | RSI 52.6
 5/20 ZECUSDT        하락 | 5분 -0.115% | 24시간 -3.41% | RSI 37.6
 6/20 XRPUSDT        상승 | 5분 +0.065% | 24시간 -1.84% | RSI 61.1
 7/20 DOGEUSDT       상승 | 5분 +0.056% | 24시간 -2.28% | RSI 54.6
 8/20 ONDOUSDT       상승 | 5분 +0.958% | 24시간 -0.05% | RSI 72.0
 9/20 BNBUSDT        하락 | 5분 -0.014% | 24시간 -2.17% | RSI 53.9
10/20 NEARUSDT       하락 | 5분 +0.633% | 24시간 -5.82% | RSI 63.5
11/20 LABUSDT        상승 | 5분 -0.272% | 24시간 -13.49% | RSI 50.5
12/20 1000PEPEUSDT   상승 | 5분 +0.088% | 24시간 +0.66% | RSI 67.6
13/20 USUSDT         상승 | 5분 -0.330% | 24시간 +19.29% | RSI 54.7
14/20 WLDUSDT        상승 | 5분 +0.159% | 24시간 -5.32% | RSI 64.4
15/20 SUIUSDT        상승 | 5분 +0.096% | 24시간 -1.40% | RSI 64.6
16/20 ADAUSDT        상승 | 5분 +0.188% | 24시간 -1.24% | RSI 65.4
17/20 MANTRAUSDT     하락 | 5분 +0.467% | 24시간 +4.54% | RSI 49.4
18/20 PUMPUSDT       하락 | 5분 +0.061% | 24시간 +0.68% | RSI 48.6
19/20 DEXEUSDT       하락 | 5분 -0.365% | 24시간 +0.51% | RSI 44.3
20/20 LINKUSDT       상승 | 5분 +0.073% | 24시간 -3.10% | RSI 56.5
가상 진입 후보
ZECUSDT        SHORT 60점
DEXEUSDT       SHORT 55점
XRPUSDT        LONG  50점
최대 포지션 개수에 도달했습니다.
======================================================================
가상잔고: 998,754원
보유 포지션: 3/3
- ZECUSDT      SHORT | 진입가 535.91000000 | 투입금 100,000원
- BNBUSDT      SHORT | 진입가 569.71000000 | 투입금 100,000원
- DOGEUSDT     SHORT | 진입가 0.07160000 | 투입금 99,875원
======================================================================
------------------------------------------------------------
오늘 실현손익: -1,246원 (-0.125%)
신규 거래 상태: 가능
------------------------------------------------------------
[보유] ZECUSDT      SHORT | 현재가 528.63000000 | 가격 +1.358% | 수수료반영 +1.258% | +1,258원
[보유] BNBUSDT      SHORT | 현재가 565.02000000 | 가격 +0.823% | 수수료반영 +0.723% | +723원
[보유] DOGEUSDT     SHORT | 현재가 0.07147000 | 가격 +0.182% | 수수료반영 +0.082% | +81원
[보유] ZECUSDT      SHORT | 현재가 528.57000000 | 가격 +1.370% | 수수료반영 +1.270% | +1,270원
[보유] BNBUSDT      SHORT | 현재가 565.02000000 | 가격 +0.823% | 수수료반영 +0.723% | +723원
[보유] DOGEUSDT     SHORT | 현재가 0.07147000 | 가격 +0.182% | 수수료반영 +0.082% | +81원
[보유] ZECUSDT      SHORT | 현재가 528.74000000 | 가격 +1.338% | 수수료반영 +1.238% | +1,238원
[보유] BNBUSDT      SHORT | 현재가 565.02000000 | 가격 +0.823% | 수수료반영 +0.723% | +723원
[보유] DOGEUSDT     SHORT | 현재가 0.07147000 | 가격 +0.182% | 수수료반영 +0.082% | +81원
[보유] ZECUSDT      SHORT | 현재가 528.80000000 | 가격 +1.327% | 수수료반영 +1.227% | +1,227원
[보유] BNBUSDT      SHORT | 현재가 565.08000000 | 가격 +0.813% | 수수료반영 +0.713% | +713원
[보유] DOGEUSDT     SHORT | 현재가 0.07148000 | 가격 +0.168% | 수수료반영 +0.068% | +68원
[보유] ZECUSDT      SHORT | 현재가 528.85000000 | 가격 +1.317% | 수수료반영 +1.217% | +1,217원
[보유] BNBUSDT      SHORT | 현재가 565.06000000 | 가격 +0.816% | 수수료반영 +0.716% | +716원
[보유] DOGEUSDT     SHORT | 현재가 0.07147000 | 가격 +0.182% | 수수료반영 +0.082% | +81원
[보유] ZECUSDT      SHORT | 현재가 528.65000000 | 가격 +1.355% | 수수료반영 +1.255% | +1,255원
[보유] BNBUSDT      SHORT | 현재가 565.06000000 | 가격 +0.816% | 수수료반영 +0.716% | +716원
[보유] DOGEUSDT     SHORT | 현재가 0.07147000 | 가격 +0.182% | 수수료반영 +0.082% | +81원
[보유] ZECUSDT      SHORT | 현재가 528.66000000 | 가격 +1.353% | 수수료반영 +1.253% | +1,253원
[보유] BNBUSDT      SHORT | 현재가 565.07000000 | 가격 +0.814% | 수수료반영 +0.714% | +714원
[보유] DOGEUSDT     SHORT | 현재가 0.07147000 | 가격 +0.182% | 수수료반영 +0.082% | +81원
[보유] ZECUSDT      SHORT | 현재가 528.49000000 | 가격 +1.385% | 수수료반영 +1.285% | +1,285원
[보유] BNBUSDT      SHORT | 현재가 565.08000000 | 가격 +0.813% | 수수료반영 +0.713% | +713원
[보유] DOGEUSDT     SHORT | 현재가 0.07147000 | 가격 +0.182% | 수수료반영 +0.082% | +81원
[보유] ZECUSDT      SHORT | 현재가 528.62000000 | 가격 +1.360% | 수수료반영 +1.260% | +1,260원
[보유] BNBUSDT      SHORT | 현재가 565.08000000 | 가격 +0.813% | 수수료반영 +0.713% | +713원
[보유] DOGEUSDT     SHORT | 현재가 0.07147000 | 가격 +0.182% | 수수료반영 +0.082% | +81원
[보유] ZECUSDT      SHORT | 현재가 528.65000000 | 가격 +1.355% | 수수료반영 +1.255% | +1,255원
[보유] BNBUSDT      SHORT | 현재가 565.27000000 | 가격 +0.779% | 수수료반영 +0.679% | +679원
[보유] DOGEUSDT     SHORT | 현재가 0.07146000 | 가격 +0.196% | 수수료반영 +0.096% | +95원
[보유] ZECUSDT      SHORT | 현재가 528.47000000 | 가격 +1.388% | 수수료반영 +1.288% | +1,288원
[보유] BNBUSDT      SHORT | 현재가 565.27000000 | 가격 +0.779% | 수수료반영 +0.679% | +679원
[보유] DOGEUSDT     SHORT | 현재가 0.07146000 | 가격 +0.196% | 수수료반영 +0.096% | +95원
[보유] ZECUSDT      SHORT | 현재가 528.55000000 | 가격 +1.373% | 수수료반영 +1.273% | +1,273원
[보유] BNBUSDT      SHORT | 현재가 565.28000000 | 가격 +0.778% | 수수료반영 +0.678% | +678원
[보유] DOGEUSDT     SHORT | 현재가 0.07146000 | 가격 +0.196% | 수수료반영 +0.096% | +95원
[보유] ZECUSDT      SHORT | 현재가 528.58000000 | 가격 +1.368% | 수수료반영 +1.268% | +1,268원
[보유] BNBUSDT      SHORT | 현재가 565.17000000 | 가격 +0.797% | 수수료반영 +0.697% | +697원
[보유] DOGEUSDT     SHORT | 현재가 0.07145000 | 가격 +0.209% | 수수료반영 +0.109% | +109원
시장 스캔을 시작합니다.
===========================================================================
안전 필터 적용 시장 스캔
===========================================================================
최소 상장 기간: 30일
24시간 과열 제외: ±20.0% 이상
최소 진입 점수: 45점
안전 필터 통과 종목: 515개
24시간 ±20% 과열 제외: 8개
분석 대상: 거래대금 상위 20개
 1/20 BTCUSDT        상승 | 5분 +0.016% | 24시간 -1.94% | RSI 53.3
 2/20 ETHUSDT        상승 | 5분 -0.020% | 24시간 -3.03% | RSI 47.8
 3/20 SOLUSDT        상승 | 5분 +0.013% | 24시간 -2.15% | RSI 48.5
 4/20 HYPEUSDT       상승 | 5분 +0.089% | 24시간 -9.58% | RSI 51.4
 5/20 ZECUSDT        하락 | 5분 -0.045% | 24시간 -3.36% | RSI 42.0
 6/20 XRPUSDT        상승 | 5분 +0.046% | 24시간 -1.83% | RSI 59.9
 7/20 DOGEUSDT       상승 | 5분 +0.056% | 24시간 -2.34% | RSI 53.5
 8/20 ONDOUSDT       상승 | 5분 +1.067% | 24시간 +0.05% | RSI 74.1
 9/20 BNBUSDT        하락 | 5분 -0.002% | 24시간 -2.18% | RSI 57.4
10/20 NEARUSDT       하락 | 5분 +0.210% | 24시간 -5.82% | RSI 63.5
11/20 LABUSDT        상승 | 5분 +0.000% | 24시간 -13.38% | RSI 54.5
12/20 1000PEPEUSDT   상승 | 5분 +0.077% | 24시간 +0.54% | RSI 63.9
13/20 USUSDT         상승 | 5분 -1.134% | 24시간 +18.15% | RSI 47.4
14/20 WLDUSDT        상승 | 5분 +0.079% | 24시간 -5.34% | RSI 69.0
15/20 SUIUSDT        상승 | 5분 +0.055% | 24시간 -1.38% | RSI 63.1
16/20 ADAUSDT        상승 | 5분 +0.188% | 24시간 -1.30% | RSI 65.4
17/20 MANTRAUSDT     하락 | 5분 -0.015% | 24시간 +4.38% | RSI 44.7
18/20 PUMPUSDT       하락 | 5분 +0.061% | 24시간 +0.55% | RSI 48.6
19/20 DEXEUSDT       하락 | 5분 +0.000% | 24시간 +0.77% | RSI 48.5
20/20 LINKUSDT       상승 | 5분 +0.061% | 24시간 -3.13% | RSI 55.2
가상 진입 후보
PUMPUSDT       SHORT 75점
1000PEPEUSDT   LONG  70점
ZECUSDT        SHORT 60점
WLDUSDT        LONG  50점
최대 포지션 개수에 도달했습니다.
======================================================================
가상잔고: 998,754원
보유 포지션: 3/3
- ZECUSDT      SHORT | 진입가 535.91000000 | 투입금 100,000원
- BNBUSDT      SHORT | 진입가 569.71000000 | 투입금 100,000원
- DOGEUSDT     SHORT | 진입가 0.07160000 | 투입금 99,875원
======================================================================
------------------------------------------------------------
오늘 실현손익: -1,246원 (-0.125%)
신규 거래 상태: 가능
------------------------------------------------------------
[보유] ZECUSDT      SHORT | 현재가 528.56000000 | 가격 +1.371% | 수수료반영 +1.271% | +1,271원
[보유] BNBUSDT      SHORT | 현재가 565.17000000 | 가격 +0.797% | 수수료반영 +0.697% | +697원
[보유] DOGEUSDT     SHORT | 현재가 0.07145000 | 가격 +0.209% | 수수료반영 +0.109% | +109원
[보유] ZECUSDT      SHORT | 현재가 528.56000000 | 가격 +1.371% | 수수료반영 +1.271% | +1,271원
[보유] BNBUSDT      SHORT | 현재가 565.18000000 | 가격 +0.795% | 수수료반영 +0.695% | +695원
[보유] DOGEUSDT     SHORT | 현재가 0.07146000 | 가격 +0.196% | 수수료반영 +0.096% | +95원
[보유] ZECUSDT      SHORT | 현재가 528.55000000 | 가격 +1.373% | 수수료반영 +1.273% | +1,273원
[보유] BNBUSDT      SHORT | 현재가 565.18000000 | 가격 +0.795% | 수수료반영 +0.695% | +695원
[보유] DOGEUSDT     SHORT | 현재가 0.07145000 | 가격 +0.209% | 수수료반영 +0.109% | +109원
[보유] ZECUSDT      SHORT | 현재가 528.41000000 | 가격 +1.399% | 수수료반영 +1.299% | +1,299원
[보유] BNBUSDT      SHORT | 현재가 565.11000000 | 가격 +0.807% | 수수료반영 +0.707% | +707원
[보유] DOGEUSDT     SHORT | 현재가 0.07145000 | 가격 +0.209% | 수수료반영 +0.109% | +109원
[보유] ZECUSDT      SHORT | 현재가 528.45000000 | 가격 +1.392% | 수수료반영 +1.292% | +1,292원
[보유] BNBUSDT      SHORT | 현재가 565.11000000 | 가격 +0.807% | 수수료반영 +0.707% | +707원
[보유] DOGEUSDT     SHORT | 현재가 0.07145000 | 가격 +0.209% | 수수료반영 +0.109% | +109원
[보유] ZECUSDT      SHORT | 현재가 528.56000000 | 가격 +1.371% | 수수료반영 +1.271% | +1,271원
[보유] BNBUSDT      SHORT | 현재가 565.10000000 | 가격 +0.809% | 수수료반영 +0.709% | +709원
[보유] DOGEUSDT     SHORT | 현재가 0.07145000 | 가격 +0.209% | 수수료반영 +0.109% | +109원
[보유] ZECUSDT      SHORT | 현재가 528.56000000 | 가격 +1.371% | 수수료반영 +1.271% | +1,271원
[보유] BNBUSDT      SHORT | 현재가 565.10000000 | 가격 +0.809% | 수수료반영 +0.709% | +709원
[보유] DOGEUSDT     SHORT | 현재가 0.07145000 | 가격 +0.209% | 수수료반영 +0.109% | +109원
[보유] ZECUSDT      SHORT | 현재가 528.71000000 | 가격 +1.344% | 수수료반영 +1.244% | +1,244원
[보유] BNBUSDT      SHORT | 현재가 565.11000000 | 가격 +0.807% | 수수료반영 +0.707% | +707원
[보유] DOGEUSDT     SHORT | 현재가 0.07145000 | 가격 +0.209% | 수수료반영 +0.109% | +109원
[보유] ZECUSDT      SHORT | 현재가 528.77000000 | 가격 +1.332% | 수수료반영 +1.232% | +1,232원
[보유] BNBUSDT      SHORT | 현재가 565.11000000 | 가격 +0.807% | 수수료반영 +0.707% | +707원
[보유] DOGEUSDT     SHORT | 현재가 0.07145000 | 가격 +0.209% | 수수료반영 +0.109% | +109원
[보유] ZECUSDT      SHORT | 현재가 528.87000000 | 가격 +1.314% | 수수료반영 +1.214% | +1,214원
[보유] BNBUSDT      SHORT | 현재가 565.12000000 | 가격 +0.806% | 수수료반영 +0.706% | +706원
[보유] DOGEUSDT     SHORT | 현재가 0.07145000 | 가격 +0.209% | 수수료반영 +0.109% | +109원
[보유] ZECUSDT      SHORT | 현재가 528.83000000 | 가격 +1.321% | 수수료반영 +1.221% | +1,221원
[보유] BNBUSDT      SHORT | 현재가 565.13000000 | 가격 +0.804% | 수수료반영 +0.704% | +704원
[보유] DOGEUSDT     SHORT | 현재가 0.07145000 | 가격 +0.209% | 수수료반영 +0.109% | +109원
[보유] ZECUSDT      SHORT | 현재가 528.84000000 | 가격 +1.319% | 수수료반영 +1.219% | +1,219원
[보유] BNBUSDT      SHORT | 현재가 565.12000000 | 가격 +0.806% | 수수료반영 +0.706% | +706원
[보유] DOGEUSDT     SHORT | 현재가 0.07145000 | 가격 +0.209% | 수수료반영 +0.109% | +109원
[보유] ZECUSDT      SHORT | 현재가 528.93000000 | 가격 +1.302% | 수수료반영 +1.202% | +1,202원
[보유] BNBUSDT      SHORT | 현재가 565.15000000 | 가격 +0.800% | 수수료반영 +0.700% | +700원
[보유] DOGEUSDT     SHORT | 현재가 0.07146000 | 가격 +0.196% | 수수료반영 +0.096% | +95원
시장 스캔을 시작합니다.
===========================================================================
안전 필터 적용 시장 스캔
===========================================================================
최소 상장 기간: 30일
24시간 과열 제외: ±20.0% 이상
최소 진입 점수: 45점
안전 필터 통과 종목: 515개
24시간 ±20% 과열 제외: 8개
분석 대상: 거래대금 상위 20개
 1/20 BTCUSDT        상승 | 5분 -0.019% | 24시간 -1.96% | RSI 53.4
 2/20 ETHUSDT        상승 | 5분 -0.070% | 24시간 -3.04% | RSI 48.9
 3/20 SOLUSDT        상승 | 5분 -0.013% | 24시간 -2.21% | RSI 51.1
 4/20 HYPEUSDT       상승 | 5분 +0.293% | 24시간 -9.50% | RSI 54.5
 5/20 ZECUSDT        하락 | 5분 +0.072% | 24시간 -3.20% | RSI 42.6
 6/20 XRPUSDT        상승 | 5분 -0.037% | 24시간 -1.84% | RSI 58.6
 7/20 DOGEUSDT       상승 | 5분 +0.000% | 24시간 -2.34% | RSI 52.3
 8/20 ONDOUSDT       상승 | 5분 +0.709% | 24시간 -0.24% | RSI 72.1
 9/20 BNBUSDT        상승 | 5분 -0.032% | 24시간 -2.23% | RSI 57.4
10/20 NEARUSDT       하락 | 5분 +0.052% | 24시간 -5.83% | RSI 58.6
11/20 LABUSDT        상승 | 5분 -0.108% | 24시간 -13.32% | RSI 56.4
12/20 1000PEPEUSDT   상승 | 5분 -0.044% | 24시간 +0.46% | RSI 61.9
13/20 WLDUSDT        상승 | 5분 -0.106% | 24시간 -5.44% | RSI 55.4
14/20 USUSDT         상승 | 5분 -2.141% | 24시간 +13.91% | RSI 45.5
15/20 SUIUSDT        상승 | 5분 +0.041% | 24시간 -1.45% | RSI 63.1
16/20 ADAUSDT        상승 | 5분 +0.063% | 24시간 -1.36% | RSI 60.4
17/20 MANTRAUSDT     하락 | 5분 +0.015% | 24시간 +4.13% | RSI 44.7
18/20 PUMPUSDT       하락 | 5분 -0.184% | 24시간 +0.37% | RSI 40.8
19/20 DEXEUSDT       하락 | 5분 +0.451% | 24시간 +1.11% | RSI 57.6
20/20 LINKUSDT       상승 | 5분 +0.000% | 24시간 -3.17% | RSI 52.6
가상 진입 후보
PUMPUSDT       SHORT 70점
SOLUSDT        LONG  65점
SUIUSDT        LONG  65점
ADAUSDT        LONG  65점
BTCUSDT        LONG  50점
최대 포지션 개수에 도달했습니다.
======================================================================
가상잔고: 998,754원
보유 포지션: 3/3
- ZECUSDT      SHORT | 진입가 535.91000000 | 투입금 100,000원
- BNBUSDT      SHORT | 진입가 569.71000000 | 투입금 100,000원
- DOGEUSDT     SHORT | 진입가 0.07160000 | 투입금 99,875원
======================================================================
------------------------------------------------------------
오늘 실현손익: -1,246원 (-0.125%)
신규 거래 상태: 가능
------------------------------------------------------------
[보유] ZECUSDT      SHORT | 현재가 529.10000000 | 가격 +1.271% | 수수료반영 +1.171% | +1,171원
[보유] BNBUSDT      SHORT | 현재가 565.15000000 | 가격 +0.800% | 수수료반영 +0.700% | +700원
[보유] DOGEUSDT     SHORT | 현재가 0.07147000 | 가격 +0.182% | 수수료반영 +0.082% | +81원
[보유] ZECUSDT      SHORT | 현재가 529.10000000 | 가격 +1.271% | 수수료반영 +1.171% | +1,171원
[보유] BNBUSDT      SHORT | 현재가 565.15000000 | 가격 +0.800% | 수수료반영 +0.700% | +700원
[보유] DOGEUSDT     SHORT | 현재가 0.07147000 | 가격 +0.182% | 수수료반영 +0.082% | +81원
프로그램을 종료합니다.
============================================================
BinanceBot 가상매매 성적표
============================================================
총 거래 횟수: 1회
승리: 0회
손실: 1회
승률: 0.00%
누적 손익: -1,246원
평균 거래 수익률: -1.246%
평균 수익금: +0원
평균 손실금: -1,246원
최고 거래: ONDOUSDT LONG -1,246원
최악 거래: ONDOUSDT LONG -1,246원
평균 보유시간: 50분
최대 연속 승리: 0회
최대 연속 손실: 1회
코인별 성과
------------------------------------------------------------
ONDOUSDT         1회 | 승률   0.00% | 손익 -1,246원
============================================================
------------------------------------------------------------
오늘 실현손익: -1,246원 (-0.125%)
신규 거래 상태: 가능
------------------------------------------------------------

[2026-07-17 18:12:40] 사용자가 실행을 종료했습니다.
======================================================================
BinanceBot 자동 실행 관리자
======================================================================
실행 파일: main.py
봇 종료 시 자동으로 재시작합니다.
완전히 종료하려면 Ctrl + C

[2026-07-17 18:12:43] BinanceBot을 시작합니다.
======================================================================
BinanceBot v2.2
======================================================================
현재 모드: 가상매매
저장된 가상잔고: 998,754원
복구된 포지션: 3개
최대 포지션: 3개
포지션당 투입 비율: 10.0%
최소 진입 점수: 45점
손절: -1.0%
익절: +3.0%
스캔 주기: 60초
신규 진입 상태: 활성화
종료: Ctrl + C
============================================================
BinanceBot 가상매매 성적표
============================================================
총 거래 횟수: 1회
승리: 0회
손실: 1회
승률: 0.00%
누적 손익: -1,246원
평균 거래 수익률: -1.246%
평균 수익금: +0원
평균 손실금: -1,246원
최고 거래: ONDOUSDT LONG -1,246원
최악 거래: ONDOUSDT LONG -1,246원
평균 보유시간: 50분
최대 연속 승리: 0회
최대 연속 손실: 1회
코인별 성과
------------------------------------------------------------
ONDOUSDT         1회 | 승률   0.00% | 손익 -1,246원
============================================================
------------------------------------------------------------
오늘 실현손익: -1,246원 (-0.125%)
신규 거래 상태: 가능
------------------------------------------------------------
[보유] ZECUSDT      SHORT | 현재가 529.43000000 | 가격 +1.209% | 수수료반영 +1.109% | +1,109원
[보유] BNBUSDT      SHORT | 현재가 565.12000000 | 가격 +0.806% | 수수료반영 +0.706% | +706원
[보유] DOGEUSDT     SHORT | 현재가 0.07146000 | 가격 +0.196% | 수수료반영 +0.096% | +95원
시장 스캔을 시작합니다.
===========================================================================
안전 필터 적용 시장 스캔
===========================================================================
최소 상장 기간: 30일
24시간 과열 제외: ±20.0% 이상
최소 진입 점수: 45점
안전 필터 통과 종목: 515개
24시간 ±20% 과열 제외: 8개
분석 대상: 거래대금 상위 20개
 1/20 BTCUSDT        상승 | 5분 -0.019% | 24시간 -1.96% | RSI 53.4
 2/20 ETHUSDT        상승 | 5분 -0.070% | 24시간 -3.04% | RSI 48.9
 3/20 SOLUSDT        상승 | 5분 -0.013% | 24시간 -2.21% | RSI 51.1
 4/20 HYPEUSDT       상승 | 5분 +0.293% | 24시간 -9.49% | RSI 54.5
 5/20 ZECUSDT        하락 | 5분 +0.072% | 24시간 -3.14% | RSI 42.6
 6/20 XRPUSDT        상승 | 5분 -0.037% | 24시간 -1.85% | RSI 58.6
 7/20 DOGEUSDT       상승 | 5분 +0.000% | 24시간 -2.32% | RSI 52.3
 8/20 ONDOUSDT       상승 | 5분 +0.709% | 24시간 -0.14% | RSI 72.1
 9/20 BNBUSDT        상승 | 5분 -0.032% | 24시간 -2.24% | RSI 57.4
10/20 NEARUSDT       하락 | 5분 +0.052% | 24시간 -5.78% | RSI 58.6
11/20 LABUSDT        상승 | 5분 -0.108% | 24시간 -13.28% | RSI 56.4
12/20 1000PEPEUSDT   상승 | 5분 -0.044% | 24시간 +0.49% | RSI 61.9
13/20 WLDUSDT        상승 | 5분 -0.106% | 24시간 -5.49% | RSI 55.4
14/20 USUSDT         상승 | 5분 -2.141% | 24시간 +13.48% | RSI 45.5
15/20 SUIUSDT        상승 | 5분 +0.041% | 24시간 -1.40% | RSI 63.1
16/20 ADAUSDT        상승 | 5분 +0.063% | 24시간 -1.36% | RSI 60.4
17/20 MANTRAUSDT     하락 | 5분 +0.015% | 24시간 +4.11% | RSI 44.7
18/20 PUMPUSDT       하락 | 5분 -0.184% | 24시간 +0.31% | RSI 40.8
19/20 DEXEUSDT       하락 | 5분 +0.451% | 24시간 +0.77% | RSI 57.6
20/20 LINKUSDT       상승 | 5분 +0.000% | 24시간 -3.16% | RSI 52.6
가상 진입 후보
PUMPUSDT       SHORT 70점
SOLUSDT        LONG  65점
SUIUSDT        LONG  65점
ADAUSDT        LONG  65점
BTCUSDT        LONG  50점
최대 포지션 개수에 도달했습니다.
======================================================================
가상잔고: 998,754원
보유 포지션: 3/3
- ZECUSDT      SHORT | 진입가 535.91000000 | 투입금 100,000원
- BNBUSDT      SHORT | 진입가 569.71000000 | 투입금 100,000원
- DOGEUSDT     SHORT | 진입가 0.07160000 | 투입금 99,875원
======================================================================
------------------------------------------------------------
오늘 실현손익: -1,246원 (-0.125%)
신규 거래 상태: 가능
------------------------------------------------------------
[보유] ZECUSDT      SHORT | 현재가 529.56000000 | 가격 +1.185% | 수수료반영 +1.085% | +1,085원
[보유] BNBUSDT      SHORT | 현재가 565.12000000 | 가격 +0.806% | 수수료반영 +0.706% | +706원
[보유] DOGEUSDT     SHORT | 현재가 0.07146000 | 가격 +0.196% | 수수료반영 +0.096% | +95원
[보유] ZECUSDT      SHORT | 현재가 529.63000000 | 가격 +1.172% | 수수료반영 +1.072% | +1,072원
[보유] BNBUSDT      SHORT | 현재가 565.19000000 | 가격 +0.793% | 수수료반영 +0.693% | +693원
[보유] DOGEUSDT     SHORT | 현재가 0.07146000 | 가격 +0.196% | 수수료반영 +0.096% | +95원
[보유] ZECUSDT      SHORT | 현재가 529.73000000 | 가격 +1.153% | 수수료반영 +1.053% | +1,053원
[보유] BNBUSDT      SHORT | 현재가 565.19000000 | 가격 +0.793% | 수수료반영 +0.693% | +693원
[보유] DOGEUSDT     SHORT | 현재가 0.07146000 | 가격 +0.196% | 수수료반영 +0.096% | +95원
[보유] ZECUSDT      SHORT | 현재가 529.73000000 | 가격 +1.153% | 수수료반영 +1.053% | +1,053원
[보유] BNBUSDT      SHORT | 현재가 565.21000000 | 가격 +0.790% | 수수료반영 +0.690% | +690원
[보유] DOGEUSDT     SHORT | 현재가 0.07149000 | 가격 +0.154% | 수수료반영 +0.054% | +54원
[보유] ZECUSDT      SHORT | 현재가 529.89000000 | 가격 +1.123% | 수수료반영 +1.023% | +1,023원
[보유] BNBUSDT      SHORT | 현재가 565.19000000 | 가격 +0.793% | 수수료반영 +0.693% | +693원
[보유] DOGEUSDT     SHORT | 현재가 0.07149000 | 가격 +0.154% | 수수료반영 +0.054% | +54원
[보유] ZECUSDT      SHORT | 현재가 529.79000000 | 가격 +1.142% | 수수료반영 +1.042% | +1,042원
[보유] BNBUSDT      SHORT | 현재가 565.47000000 | 가격 +0.744% | 수수료반영 +0.644% | +644원
[보유] DOGEUSDT     SHORT | 현재가 0.07149000 | 가격 +0.154% | 수수료반영 +0.054% | +54원
[보유] ZECUSDT      SHORT | 현재가 530.25000000 | 가격 +1.056% | 수수료반영 +0.956% | +956원
[보유] BNBUSDT      SHORT | 현재가 565.51000000 | 가격 +0.737% | 수수료반영 +0.637% | +637원
[보유] DOGEUSDT     SHORT | 현재가 0.07152000 | 가격 +0.112% | 수수료반영 +0.012% | +12원
[보유] ZECUSDT      SHORT | 현재가 530.31000000 | 가격 +1.045% | 수수료반영 +0.945% | +945원
[보유] BNBUSDT      SHORT | 현재가 565.51000000 | 가격 +0.737% | 수수료반영 +0.637% | +637원
[보유] DOGEUSDT     SHORT | 현재가 0.07151000 | 가격 +0.126% | 수수료반영 +0.026% | +26원
[보유] ZECUSDT      SHORT | 현재가 530.48000000 | 가격 +1.013% | 수수료반영 +0.913% | +913원
[보유] BNBUSDT      SHORT | 현재가 565.38000000 | 가격 +0.760% | 수수료반영 +0.660% | +660원
[보유] DOGEUSDT     SHORT | 현재가 0.07151000 | 가격 +0.126% | 수수료반영 +0.026% | +26원
[보유] ZECUSDT      SHORT | 현재가 530.34000000 | 가격 +1.039% | 수수료반영 +0.939% | +939원
[보유] BNBUSDT      SHORT | 현재가 565.37000000 | 가격 +0.762% | 수수료반영 +0.662% | +662원
[보유] DOGEUSDT     SHORT | 현재가 0.07152000 | 가격 +0.112% | 수수료반영 +0.012% | +12원
[보유] ZECUSDT      SHORT | 현재가 530.38000000 | 가격 +1.032% | 수수료반영 +0.932% | +932원
[보유] BNBUSDT      SHORT | 현재가 565.30000000 | 가격 +0.774% | 수수료반영 +0.674% | +674원
[보유] DOGEUSDT     SHORT | 현재가 0.07152000 | 가격 +0.112% | 수수료반영 +0.012% | +12원
[보유] ZECUSDT      SHORT | 현재가 530.42000000 | 가격 +1.024% | 수수료반영 +0.924% | +924원
[보유] BNBUSDT      SHORT | 현재가 565.27000000 | 가격 +0.779% | 수수료반영 +0.679% | +679원
[보유] DOGEUSDT     SHORT | 현재가 0.07151000 | 가격 +0.126% | 수수료반영 +0.026% | +26원
[보유] ZECUSDT      SHORT | 현재가 530.64000000 | 가격 +0.983% | 수수료반영 +0.883% | +883원
[보유] BNBUSDT      SHORT | 현재가 565.29000000 | 가격 +0.776% | 수수료반영 +0.676% | +676원
[보유] DOGEUSDT     SHORT | 현재가 0.07152000 | 가격 +0.112% | 수수료반영 +0.012% | +12원
시장 스캔을 시작합니다.
===========================================================================
안전 필터 적용 시장 스캔
===========================================================================
최소 상장 기간: 30일
24시간 과열 제외: ±20.0% 이상
최소 진입 점수: 45점
안전 필터 통과 종목: 515개
24시간 ±20% 과열 제외: 8개
분석 대상: 거래대금 상위 20개
 1/20 BTCUSDT        상승 | 5분 -0.039% | 24시간 -1.92% | RSI 57.0
 2/20 ETHUSDT        상승 | 5분 -0.048% | 24시간 -2.98% | RSI 54.6
 3/20 SOLUSDT        상승 | 5분 +0.000% | 24시간 -2.13% | RSI 54.8
 4/20 HYPEUSDT       상승 | 5분 +0.106% | 24시간 -9.33% | RSI 59.0
 5/20 ZECUSDT        하락 | 5분 +0.138% | 24시간 -2.93% | RSI 52.8
 6/20 XRPUSDT        상승 | 5분 -0.018% | 24시간 -1.83% | RSI 62.9
 7/20 DOGEUSDT       상승 | 5분 -0.070% | 24시간 -2.28% | RSI 53.4
 8/20 ONDOUSDT       상승 | 5분 +0.027% | 24시간 -0.08% | RSI 72.5
 9/20 BNBUSDT        상승 | 5분 +0.012% | 24시간 -2.20% | RSI 60.0
10/20 NEARUSDT       하락 | 5분 +0.052% | 24시간 -5.72% | RSI 61.8
11/20 LABUSDT        상승 | 5분 +0.546% | 24시간 -12.85% | RSI 55.8
12/20 1000PEPEUSDT   상승 | 5분 +0.015% | 24시간 +0.71% | RSI 65.8
13/20 WLDUSDT        상승 | 5분 -0.105% | 24시간 -5.54% | RSI 56.7
14/20 SUIUSDT        상승 | 5분 -0.014% | 24시간 -1.40% | RSI 65.0
15/20 USUSDT         상승 | 5분 -1.233% | 24시간 +12.13% | RSI 47.8
16/20 ADAUSDT        상승 | 5분 +0.000% | 24시간 -1.17% | RSI 63.4
17/20 MANTRAUSDT     하락 | 5분 -0.495% | 24시간 +4.17% | RSI 40.1
18/20 PUMPUSDT       하락 | 5분 -0.245% | 24시간 +0.49% | RSI 40.9
19/20 DEXEUSDT       하락 | 5분 +0.085% | 24시간 +0.65% | RSI 49.0
20/20 LINKUSDT       상승 | 5분 -0.073% | 24시간 -3.14% | RSI 54.9
가상 진입 후보
MANTRAUSDT     SHORT 90점
ZECUSDT        SHORT 75점
USUSDT         LONG  70점
PUMPUSDT       SHORT 65점
DEXEUSDT       SHORT 65점
최대 포지션 개수에 도달했습니다.
======================================================================
가상잔고: 998,754원
보유 포지션: 3/3
- ZECUSDT      SHORT | 진입가 535.91000000 | 투입금 100,000원
- BNBUSDT      SHORT | 진입가 569.71000000 | 투입금 100,000원
- DOGEUSDT     SHORT | 진입가 0.07160000 | 투입금 99,875원
======================================================================
------------------------------------------------------------
오늘 실현손익: -1,246원 (-0.125%)
신규 거래 상태: 가능
------------------------------------------------------------
[보유] ZECUSDT      SHORT | 현재가 530.95000000 | 가격 +0.926% | 수수료반영 +0.826% | +826원
[보유] BNBUSDT      SHORT | 현재가 565.40000000 | 가격 +0.757% | 수수료반영 +0.657% | +657원
[보유] DOGEUSDT     SHORT | 현재가 0.07152000 | 가격 +0.112% | 수수료반영 +0.012% | +12원
[보유] ZECUSDT      SHORT | 현재가 530.92000000 | 가격 +0.931% | 수수료반영 +0.831% | +831원
[보유] BNBUSDT      SHORT | 현재가 565.41000000 | 가격 +0.755% | 수수료반영 +0.655% | +655원
[보유] DOGEUSDT     SHORT | 현재가 0.07152000 | 가격 +0.112% | 수수료반영 +0.012% | +12원
[보유] ZECUSDT      SHORT | 현재가 530.95000000 | 가격 +0.926% | 수수료반영 +0.826% | +826원
[보유] BNBUSDT      SHORT | 현재가 565.41000000 | 가격 +0.755% | 수수료반영 +0.655% | +655원
[보유] DOGEUSDT     SHORT | 현재가 0.07153000 | 가격 +0.098% | 수수료반영 -0.002% | -2원
[보유] ZECUSDT      SHORT | 현재가 530.95000000 | 가격 +0.926% | 수수료반영 +0.826% | +826원
[보유] BNBUSDT      SHORT | 현재가 565.36000000 | 가격 +0.764% | 수수료반영 +0.664% | +664원
[보유] DOGEUSDT     SHORT | 현재가 0.07153000 | 가격 +0.098% | 수수료반영 -0.002% | -2원
[보유] ZECUSDT      SHORT | 현재가 530.93000000 | 가격 +0.929% | 수수료반영 +0.829% | +829원
[보유] BNBUSDT      SHORT | 현재가 565.43000000 | 가격 +0.751% | 수수료반영 +0.651% | +651원
[보유] DOGEUSDT     SHORT | 현재가 0.07152000 | 가격 +0.112% | 수수료반영 +0.012% | +12원
[보유] ZECUSDT      SHORT | 현재가 531.02000000 | 가격 +0.912% | 수수료반영 +0.812% | +812원
[보유] BNBUSDT      SHORT | 현재가 565.54000000 | 가격 +0.732% | 수수료반영 +0.632% | +632원
[보유] DOGEUSDT     SHORT | 현재가 0.07152000 | 가격 +0.112% | 수수료반영 +0.012% | +12원
[보유] ZECUSDT      SHORT | 현재가 531.25000000 | 가격 +0.870% | 수수료반영 +0.770% | +770원
[보유] BNBUSDT      SHORT | 현재가 565.57000000 | 가격 +0.727% | 수수료반영 +0.627% | +627원
[보유] DOGEUSDT     SHORT | 현재가 0.07154000 | 가격 +0.084% | 수수료반영 -0.016% | -16원
[보유] ZECUSDT      SHORT | 현재가 531.29000000 | 가격 +0.862% | 수수료반영 +0.762% | +762원
[보유] BNBUSDT      SHORT | 현재가 565.57000000 | 가격 +0.727% | 수수료반영 +0.627% | +627원
[보유] DOGEUSDT     SHORT | 현재가 0.07155000 | 가격 +0.070% | 수수료반영 -0.030% | -30원
[보유] ZECUSDT      SHORT | 현재가 531.29000000 | 가격 +0.862% | 수수료반영 +0.762% | +762원
[보유] BNBUSDT      SHORT | 현재가 565.62000000 | 가격 +0.718% | 수수료반영 +0.618% | +618원
[보유] DOGEUSDT     SHORT | 현재가 0.07155000 | 가격 +0.070% | 수수료반영 -0.030% | -30원
[보유] ZECUSDT      SHORT | 현재가 531.20000000 | 가격 +0.879% | 수수료반영 +0.779% | +779원
[보유] BNBUSDT      SHORT | 현재가 565.62000000 | 가격 +0.718% | 수수료반영 +0.618% | +618원
[보유] DOGEUSDT     SHORT | 현재가 0.07154000 | 가격 +0.084% | 수수료반영 -0.016% | -16원
[보유] ZECUSDT      SHORT | 현재가 531.20000000 | 가격 +0.879% | 수수료반영 +0.779% | +779원
[보유] BNBUSDT      SHORT | 현재가 565.63000000 | 가격 +0.716% | 수수료반영 +0.616% | +616원
[보유] DOGEUSDT     SHORT | 현재가 0.07154000 | 가격 +0.084% | 수수료반영 -0.016% | -16원
[보유] ZECUSDT      SHORT | 현재가 531.12000000 | 가격 +0.894% | 수수료반영 +0.794% | +794원
[보유] BNBUSDT      SHORT | 현재가 565.62000000 | 가격 +0.718% | 수수료반영 +0.618% | +618원
[보유] DOGEUSDT     SHORT | 현재가 0.07155000 | 가격 +0.070% | 수수료반영 -0.030% | -30원
[보유] ZECUSDT      SHORT | 현재가 531.09000000 | 가격 +0.899% | 수수료반영 +0.799% | +799원
[보유] BNBUSDT      SHORT | 현재가 565.62000000 | 가격 +0.718% | 수수료반영 +0.618% | +618원
[보유] DOGEUSDT     SHORT | 현재가 0.07155000 | 가격 +0.070% | 수수료반영 -0.030% | -30원
시장 스캔을 시작합니다.
===========================================================================
안전 필터 적용 시장 스캔
===========================================================================
최소 상장 기간: 30일
24시간 과열 제외: ±20.0% 이상
최소 진입 점수: 45점
안전 필터 통과 종목: 517개
24시간 ±20% 과열 제외: 6개
분석 대상: 거래대금 상위 20개
 1/20 BTCUSDT        상승 | 5분 +0.078% | 24시간 -1.84% | RSI 66.5
 2/20 ETHUSDT        상승 | 5분 +0.152% | 24시간 -2.87% | RSI 65.5
 3/20 SOLUSDT        상승 | 5분 +0.161% | 24시간 -2.02% | RSI 62.0
 4/20 HYPEUSDT       상승 | 5분 +0.386% | 24시간 -9.29% | RSI 64.6
 5/20 ZECUSDT        하락 | 5분 +0.361% | 24시간 -2.78% | RSI 61.4
 6/20 XRPUSDT        상승 | 5분 +0.083% | 24시간 -1.73% | RSI 67.3
 7/20 DOGEUSDT       상승 | 5분 +0.112% | 24시간 -2.21% | RSI 62.2
 8/20 ONDOUSDT       상승 | 5분 +0.298% | 24시간 +0.16% | RSI 74.8
 9/20 BNBUSDT        상승 | 5분 +0.074% | 24시간 -2.14% | RSI 65.0
10/20 NEARUSDT       하락 | 5분 +0.157% | 24시간 -5.63% | RSI 66.2
11/20 LABUSDT        상승 | 5분 +2.293% | 24시간 -11.76% | RSI 68.3
12/20 1000PEPEUSDT   상승 | 5분 +0.139% | 24시간 +0.74% | RSI 69.3
13/20 WLDUSDT        상승 | 5분 +0.053% | 24시간 -5.39% | RSI 61.7
14/20 SUIUSDT        상승 | 5분 +0.164% | 24시간 -1.31% | RSI 73.4
15/20 USUSDT         상승 | 5분 -1.089% | 24시간 +10.65% | RSI 45.7
16/20 ADAUSDT        상승 | 5분 +0.062% | 24시간 -1.17% | RSI 63.8
17/20 MANTRAUSDT     하락 | 5분 -0.150% | 24시간 +4.46% | RSI 48.0
18/20 PUMPUSDT       하락 | 5분 -0.061% | 24시간 +0.49% | RSI 48.1
19/20 DEXEUSDT       하락 | 5분 -0.085% | 24시간 +0.65% | RSI 43.9
20/20 LINKUSDT       상승 | 5분 +0.135% | 24시간 -3.03% | RSI 65.8
가상 진입 후보
HYPEUSDT       LONG  90점
ETHUSDT        LONG  75점
LINKUSDT       LONG  75점
BTCUSDT        LONG  70점
BNBUSDT        LONG  70점
최대 포지션 개수에 도달했습니다.
======================================================================
가상잔고: 998,754원
보유 포지션: 3/3
- ZECUSDT      SHORT | 진입가 535.91000000 | 투입금 100,000원
- BNBUSDT      SHORT | 진입가 569.71000000 | 투입금 100,000원
- DOGEUSDT     SHORT | 진입가 0.07160000 | 투입금 99,875원
======================================================================
------------------------------------------------------------
오늘 실현손익: -1,246원 (-0.125%)
신규 거래 상태: 가능
------------------------------------------------------------
[보유] ZECUSDT      SHORT | 현재가 531.20000000 | 가격 +0.879% | 수수료반영 +0.779% | +779원
[보유] BNBUSDT      SHORT | 현재가 565.57000000 | 가격 +0.727% | 수수료반영 +0.627% | +627원
[보유] DOGEUSDT     SHORT | 현재가 0.07155000 | 가격 +0.070% | 수수료반영 -0.030% | -30원
[보유] ZECUSDT      SHORT | 현재가 531.20000000 | 가격 +0.879% | 수수료반영 +0.779% | +779원
[보유] BNBUSDT      SHORT | 현재가 565.59000000 | 가격 +0.723% | 수수료반영 +0.623% | +623원
[보유] DOGEUSDT     SHORT | 현재가 0.07155000 | 가격 +0.070% | 수수료반영 -0.030% | -30원
[보유] ZECUSDT      SHORT | 현재가 530.58000000 | 가격 +0.995% | 수수료반영 +0.895% | +895원
[보유] BNBUSDT      SHORT | 현재가 565.50000000 | 가격 +0.739% | 수수료반영 +0.639% | +639원
[보유] DOGEUSDT     SHORT | 현재가 0.07152000 | 가격 +0.112% | 수수료반영 +0.012% | +12원
[보유] ZECUSDT      SHORT | 현재가 530.76000000 | 가격 +0.961% | 수수료반영 +0.861% | +861원
[보유] BNBUSDT      SHORT | 현재가 565.54000000 | 가격 +0.732% | 수수료반영 +0.632% | +632원
[보유] DOGEUSDT     SHORT | 현재가 0.07153000 | 가격 +0.098% | 수수료반영 -0.002% | -2원
[보유] ZECUSDT      SHORT | 현재가 530.63000000 | 가격 +0.985% | 수수료반영 +0.885% | +885원
[보유] BNBUSDT      SHORT | 현재가 565.54000000 | 가격 +0.732% | 수수료반영 +0.632% | +632원
[보유] DOGEUSDT     SHORT | 현재가 0.07153000 | 가격 +0.098% | 수수료반영 -0.002% | -2원
[보유] ZECUSDT      SHORT | 현재가 530.59000000 | 가격 +0.993% | 수수료반영 +0.893% | +893원
[보유] BNBUSDT      SHORT | 현재가 565.54000000 | 가격 +0.732% | 수수료반영 +0.632% | +632원
[보유] DOGEUSDT     SHORT | 현재가 0.07154000 | 가격 +0.084% | 수수료반영 -0.016% | -16원
[보유] ZECUSDT      SHORT | 현재가 530.64000000 | 가격 +0.983% | 수수료반영 +0.883% | +883원
[보유] BNBUSDT      SHORT | 현재가 565.51000000 | 가격 +0.737% | 수수료반영 +0.637% | +637원
[보유] DOGEUSDT     SHORT | 현재가 0.07153000 | 가격 +0.098% | 수수료반영 -0.002% | -2원
[보유] ZECUSDT      SHORT | 현재가 530.68000000 | 가격 +0.976% | 수수료반영 +0.876% | +876원
[보유] BNBUSDT      SHORT | 현재가 565.37000000 | 가격 +0.762% | 수수료반영 +0.662% | +662원
[보유] DOGEUSDT     SHORT | 현재가 0.07151000 | 가격 +0.126% | 수수료반영 +0.026% | +26원
[보유] ZECUSDT      SHORT | 현재가 530.53000000 | 가격 +1.004% | 수수료반영 +0.904% | +904원
[보유] BNBUSDT      SHORT | 현재가 565.37000000 | 가격 +0.762% | 수수료반영 +0.662% | +662원
[보유] DOGEUSDT     SHORT | 현재가 0.07149000 | 가격 +0.154% | 수수료반영 +0.054% | +54원
[보유] ZECUSDT      SHORT | 현재가 530.58000000 | 가격 +0.995% | 수수료반영 +0.895% | +895원
[보유] BNBUSDT      SHORT | 현재가 565.32000000 | 가격 +0.771% | 수수료반영 +0.671% | +671원
[보유] DOGEUSDT     SHORT | 현재가 0.07148000 | 가격 +0.168% | 수수료반영 +0.068% | +68원
[보유] ZECUSDT      SHORT | 현재가 530.58000000 | 가격 +0.995% | 수수료반영 +0.895% | +895원
[보유] BNBUSDT      SHORT | 현재가 565.31000000 | 가격 +0.772% | 수수료반영 +0.672% | +672원
[보유] DOGEUSDT     SHORT | 현재가 0.07148000 | 가격 +0.168% | 수수료반영 +0.068% | +68원
[보유] ZECUSDT      SHORT | 현재가 530.94000000 | 가격 +0.927% | 수수료반영 +0.827% | +827원
[보유] BNBUSDT      SHORT | 현재가 565.31000000 | 가격 +0.772% | 수수료반영 +0.672% | +672원
[보유] DOGEUSDT     SHORT | 현재가 0.07148000 | 가격 +0.168% | 수수료반영 +0.068% | +68원
[보유] ZECUSDT      SHORT | 현재가 531.11000000 | 가격 +0.896% | 수수료반영 +0.796% | +796원
[보유] BNBUSDT      SHORT | 현재가 565.31000000 | 가격 +0.772% | 수수료반영 +0.672% | +672원
[보유] DOGEUSDT     SHORT | 현재가 0.07151000 | 가격 +0.126% | 수수료반영 +0.026% | +26원
시장 스캔을 시작합니다.
===========================================================================
안전 필터 적용 시장 스캔
===========================================================================
최소 상장 기간: 30일
24시간 과열 제외: ±20.0% 이상
최소 진입 점수: 45점
안전 필터 통과 종목: 515개
24시간 ±20% 과열 제외: 8개
분석 대상: 거래대금 상위 20개
 1/20 BTCUSDT        상승 | 5분 +0.051% | 24시간 -1.90% | RSI 56.4
 2/20 ETHUSDT        상승 | 5분 +0.124% | 24시간 -2.95% | RSI 56.8
 3/20 SOLUSDT        상승 | 5분 +0.067% | 24시간 -2.14% | RSI 52.0
 4/20 HYPEUSDT       상승 | 5분 +0.279% | 24시간 -9.36% | RSI 59.3
 5/20 ZECUSDT        하락 | 5분 +0.460% | 24시간 -2.85% | RSI 61.9
 6/20 XRPUSDT        상승 | 5분 +0.083% | 24시간 -1.75% | RSI 62.7
 7/20 DOGEUSDT       상승 | 5분 +0.056% | 24시간 -2.24% | RSI 55.6
 8/20 ONDOUSDT       상승 | 5분 -0.027% | 24시간 -0.05% | RSI 68.4
 9/20 BNBUSDT        상승 | 5분 +0.037% | 24시간 -2.22% | RSI 58.1
10/20 NEARUSDT       하락 | 5분 -0.052% | 24시간 -5.82% | RSI 56.4
11/20 LABUSDT        상승 | 5분 +2.337% | 24시간 -12.87% | RSI 71.0
12/20 1000PEPEUSDT   상승 | 5분 +0.109% | 24시간 +0.75% | RSI 63.4
13/20 WLDUSDT        상승 | 5분 -0.211% | 24시간 -5.51% | RSI 51.6
14/20 SUIUSDT        상승 | 5분 +0.123% | 24시간 -1.26% | RSI 67.0
15/20 USUSDT         상승 | 5분 -1.154% | 24시간 +10.53% | RSI 39.9
16/20 ADAUSDT        상승 | 5분 +0.125% | 24시간 -1.11% | RSI 66.3
17/20 MANTRAUSDT     하락 | 5분 -0.165% | 24시간 +4.16% | RSI 43.0
18/20 PUMPUSDT       하락 | 5분 -0.306% | 24시간 +0.37% | RSI 40.4
19/20 DEXEUSDT       하락 | 5분 +0.000% | 24시간 +1.08% | RSI 49.4
20/20 LINKUSDT       상승 | 5분 +0.049% | 24시간 -3.07% | RSI 55.7
가상 진입 후보
PUMPUSDT       SHORT 75점
DOGEUSDT       LONG  70점
ZECUSDT        SHORT 60점
BTCUSDT        LONG  50점
ETHUSDT        LONG  50점
최대 포지션 개수에 도달했습니다.
======================================================================
가상잔고: 998,754원
보유 포지션: 3/3
- ZECUSDT      SHORT | 진입가 535.91000000 | 투입금 100,000원
- BNBUSDT      SHORT | 진입가 569.71000000 | 투입금 100,000원
- DOGEUSDT     SHORT | 진입가 0.07160000 | 투입금 99,875원
======================================================================
------------------------------------------------------------
오늘 실현손익: -1,246원 (-0.125%)
신규 거래 상태: 가능
------------------------------------------------------------
[보유] ZECUSDT      SHORT | 현재가 530.83000000 | 가격 +0.948% | 수수료반영 +0.848% | +848원
[보유] BNBUSDT      SHORT | 현재가 565.22000000 | 가격 +0.788% | 수수료반영 +0.688% | +688원
[보유] DOGEUSDT     SHORT | 현재가 0.07151000 | 가격 +0.126% | 수수료반영 +0.026% | +26원
[보유] ZECUSDT      SHORT | 현재가 530.60000000 | 가격 +0.991% | 수수료반영 +0.891% | +891원
[보유] BNBUSDT      SHORT | 현재가 565.22000000 | 가격 +0.788% | 수수료반영 +0.688% | +688원
[보유] DOGEUSDT     SHORT | 현재가 0.07150000 | 가격 +0.140% | 수수료반영 +0.040% | +40원
[보유] ZECUSDT      SHORT | 현재가 530.60000000 | 가격 +0.991% | 수수료반영 +0.891% | +891원
[보유] BNBUSDT      SHORT | 현재가 565.21000000 | 가격 +0.790% | 수수료반영 +0.690% | +690원
[보유] DOGEUSDT     SHORT | 현재가 0.07149000 | 가격 +0.154% | 수수료반영 +0.054% | +54원
[보유] ZECUSDT      SHORT | 현재가 530.60000000 | 가격 +0.991% | 수수료반영 +0.891% | +891원
[보유] BNBUSDT      SHORT | 현재가 565.21000000 | 가격 +0.790% | 수수료반영 +0.690% | +690원
[보유] DOGEUSDT     SHORT | 현재가 0.07149000 | 가격 +0.154% | 수수료반영 +0.054% | +54원
[보유] ZECUSDT      SHORT | 현재가 530.54000000 | 가격 +1.002% | 수수료반영 +0.902% | +902원
[보유] BNBUSDT      SHORT | 현재가 565.21000000 | 가격 +0.790% | 수수료반영 +0.690% | +690원
[보유] DOGEUSDT     SHORT | 현재가 0.07150000 | 가격 +0.140% | 수수료반영 +0.040% | +40원
[보유] ZECUSDT      SHORT | 현재가 530.55000000 | 가격 +1.000% | 수수료반영 +0.900% | +900원
[보유] BNBUSDT      SHORT | 현재가 565.21000000 | 가격 +0.790% | 수수료반영 +0.690% | +690원
[보유] DOGEUSDT     SHORT | 현재가 0.07149000 | 가격 +0.154% | 수수료반영 +0.054% | +54원
[보유] ZECUSDT      SHORT | 현재가 530.48000000 | 가격 +1.013% | 수수료반영 +0.913% | +913원
[보유] BNBUSDT      SHORT | 현재가 565.15000000 | 가격 +0.800% | 수수료반영 +0.700% | +700원
[보유] DOGEUSDT     SHORT | 현재가 0.07149000 | 가격 +0.154% | 수수료반영 +0.054% | +54원
[보유] ZECUSDT      SHORT | 현재가 530.48000000 | 가격 +1.013% | 수수료반영 +0.913% | +913원
[보유] BNBUSDT      SHORT | 현재가 565.16000000 | 가격 +0.799% | 수수료반영 +0.699% | +699원
[보유] DOGEUSDT     SHORT | 현재가 0.07150000 | 가격 +0.140% | 수수료반영 +0.040% | +40원
[보유] ZECUSDT      SHORT | 현재가 530.56000000 | 가격 +0.998% | 수수료반영 +0.898% | +898원
[보유] BNBUSDT      SHORT | 현재가 565.15000000 | 가격 +0.800% | 수수료반영 +0.700% | +700원
[보유] DOGEUSDT     SHORT | 현재가 0.07150000 | 가격 +0.140% | 수수료반영 +0.040% | +40원
[보유] ZECUSDT      SHORT | 현재가 530.51000000 | 가격 +1.008% | 수수료반영 +0.908% | +908원
[보유] BNBUSDT      SHORT | 현재가 565.13000000 | 가격 +0.804% | 수수료반영 +0.704% | +704원
[보유] DOGEUSDT     SHORT | 현재가 0.07148000 | 가격 +0.168% | 수수료반영 +0.068% | +68원
[보유] ZECUSDT      SHORT | 현재가 530.34000000 | 가격 +1.039% | 수수료반영 +0.939% | +939원
[보유] BNBUSDT      SHORT | 현재가 565.12000000 | 가격 +0.806% | 수수료반영 +0.706% | +706원
[보유] DOGEUSDT     SHORT | 현재가 0.07148000 | 가격 +0.168% | 수수료반영 +0.068% | +68원
[보유] ZECUSDT      SHORT | 현재가 530.22000000 | 가격 +1.062% | 수수료반영 +0.962% | +962원
[보유] BNBUSDT      SHORT | 현재가 565.12000000 | 가격 +0.806% | 수수료반영 +0.706% | +706원
[보유] DOGEUSDT     SHORT | 현재가 0.07148000 | 가격 +0.168% | 수수료반영 +0.068% | +68원
[보유] ZECUSDT      SHORT | 현재가 530.22000000 | 가격 +1.062% | 수수료반영 +0.962% | +962원
[보유] BNBUSDT      SHORT | 현재가 565.12000000 | 가격 +0.806% | 수수료반영 +0.706% | +706원
[보유] DOGEUSDT     SHORT | 현재가 0.07147000 | 가격 +0.182% | 수수료반영 +0.082% | +81원
시장 스캔을 시작합니다.
===========================================================================
안전 필터 적용 시장 스캔
===========================================================================
최소 상장 기간: 30일
24시간 과열 제외: ±20.0% 이상
최소 진입 점수: 45점
안전 필터 통과 종목: 517개
24시간 ±20% 과열 제외: 6개
분석 대상: 거래대금 상위 20개
 1/20 BTCUSDT        상승 | 5분 +0.011% | 24시간 -1.93% | RSI 51.2
 2/20 ETHUSDT        상승 | 5분 +0.079% | 24시간 -2.95% | RSI 53.4
 3/20 SOLUSDT        상승 | 5분 +0.000% | 24시간 -2.13% | RSI 48.8
 4/20 HYPEUSDT       상승 | 5분 +0.176% | 24시간 -9.32% | RSI 58.1
 5/20 ZECUSDT        하락 | 5분 +0.314% | 24시간 -2.98% | RSI 54.8
 6/20 XRPUSDT        상승 | 5분 +0.028% | 24시간 -1.80% | RSI 55.0
 7/20 DOGEUSDT       상승 | 5분 +0.028% | 24시간 -2.22% | RSI 52.0
 8/20 ONDOUSDT       상승 | 5분 +0.027% | 24시간 +0.00% | RSI 68.4
 9/20 BNBUSDT        상승 | 5분 +0.004% | 24시간 -2.24% | RSI 52.7
10/20 NEARUSDT       하락 | 5분 -0.052% | 24시간 -5.79% | RSI 52.3
11/20 LABUSDT        상승 | 5분 +1.627% | 24시간 -12.79% | RSI 65.1
12/20 1000PEPEUSDT   상승 | 5분 +0.109% | 24시간 +0.73% | RSI 61.6
13/20 WLDUSDT        상승 | 5분 -0.053% | 24시간 -5.43% | RSI 50.2
14/20 SUIUSDT        상승 | 5분 +0.096% | 24시간 -1.26% | RSI 63.9
15/20 USUSDT         하락 | 5분 -0.661% | 24시간 +9.21% | RSI 42.7
16/20 ADAUSDT        상승 | 5분 +0.125% | 24시간 -1.17% | RSI 61.6
17/20 MANTRAUSDT     하락 | 5분 -0.241% | 24시간 +4.08% | RSI 41.6
18/20 PUMPUSDT       하락 | 5분 +0.061% | 24시간 +0.56% | RSI 45.1
19/20 DEXEUSDT       하락 | 5분 -0.393% | 24시간 +1.34% | RSI 48.8
20/20 LINKUSDT       상승 | 5분 +0.049% | 24시간 -3.09% | RSI 53.5
가상 진입 후보
1000PEPEUSDT   LONG  70점
XRPUSDT        LONG  65점
ADAUSDT        LONG  65점
NEARUSDT       SHORT 60점
USUSDT         SHORT 55점
최대 포지션 개수에 도달했습니다.
======================================================================
가상잔고: 998,754원
보유 포지션: 3/3
- ZECUSDT      SHORT | 진입가 535.91000000 | 투입금 100,000원
- BNBUSDT      SHORT | 진입가 569.71000000 | 투입금 100,000원
- DOGEUSDT     SHORT | 진입가 0.07160000 | 투입금 99,875원
======================================================================
------------------------------------------------------------
오늘 실현손익: -1,246원 (-0.125%)
신규 거래 상태: 가능
------------------------------------------------------------
[보유] ZECUSDT      SHORT | 현재가 530.15000000 | 가격 +1.075% | 수수료반영 +0.975% | +975원
[보유] BNBUSDT      SHORT | 현재가 565.06000000 | 가격 +0.816% | 수수료반영 +0.716% | +716원
[보유] DOGEUSDT     SHORT | 현재가 0.07146000 | 가격 +0.196% | 수수료반영 +0.096% | +95원
[보유] ZECUSDT      SHORT | 현재가 530.06000000 | 가격 +1.092% | 수수료반영 +0.992% | +992원
[보유] BNBUSDT      SHORT | 현재가 565.07000000 | 가격 +0.814% | 수수료반영 +0.714% | +714원
[보유] DOGEUSDT     SHORT | 현재가 0.07146000 | 가격 +0.196% | 수수료반영 +0.096% | +95원
[보유] ZECUSDT      SHORT | 현재가 530.39000000 | 가격 +1.030% | 수수료반영 +0.930% | +930원
[보유] BNBUSDT      SHORT | 현재가 565.14000000 | 가격 +0.802% | 수수료반영 +0.702% | +702원
[보유] DOGEUSDT     SHORT | 현재가 0.07149000 | 가격 +0.154% | 수수료반영 +0.054% | +54원
[보유] ZECUSDT      SHORT | 현재가 530.39000000 | 가격 +1.030% | 수수료반영 +0.930% | +930원
[보유] BNBUSDT      SHORT | 현재가 565.16000000 | 가격 +0.799% | 수수료반영 +0.699% | +699원
[보유] DOGEUSDT     SHORT | 현재가 0.07149000 | 가격 +0.154% | 수수료반영 +0.054% | +54원
[보유] ZECUSDT      SHORT | 현재가 530.44000000 | 가격 +1.021% | 수수료반영 +0.921% | +921원
[보유] BNBUSDT      SHORT | 현재가 565.20000000 | 가격 +0.792% | 수수료반영 +0.692% | +692원
[보유] DOGEUSDT     SHORT | 현재가 0.07149000 | 가격 +0.154% | 수수료반영 +0.054% | +54원
[보유] ZECUSDT      SHORT | 현재가 530.32000000 | 가격 +1.043% | 수수료반영 +0.943% | +943원
[보유] BNBUSDT      SHORT | 현재가 565.07000000 | 가격 +0.814% | 수수료반영 +0.714% | +714원
[보유] DOGEUSDT     SHORT | 현재가 0.07149000 | 가격 +0.154% | 수수료반영 +0.054% | +54원
[보유] ZECUSDT      SHORT | 현재가 530.11000000 | 가격 +1.082% | 수수료반영 +0.982% | +982원
[보유] BNBUSDT      SHORT | 현재가 565.01000000 | 가격 +0.825% | 수수료반영 +0.725% | +725원
[보유] DOGEUSDT     SHORT | 현재가 0.07146000 | 가격 +0.196% | 수수료반영 +0.096% | +95원
[보유] ZECUSDT      SHORT | 현재가 530.11000000 | 가격 +1.082% | 수수료반영 +0.982% | +982원
[보유] BNBUSDT      SHORT | 현재가 565.14000000 | 가격 +0.802% | 수수료반영 +0.702% | +702원
[보유] DOGEUSDT     SHORT | 현재가 0.07148000 | 가격 +0.168% | 수수료반영 +0.068% | +68원
[보유] ZECUSDT      SHORT | 현재가 530.11000000 | 가격 +1.082% | 수수료반영 +0.982% | +982원
[보유] BNBUSDT      SHORT | 현재가 565.14000000 | 가격 +0.802% | 수수료반영 +0.702% | +702원
[보유] DOGEUSDT     SHORT | 현재가 0.07149000 | 가격 +0.154% | 수수료반영 +0.054% | +54원
[보유] ZECUSDT      SHORT | 현재가 530.11000000 | 가격 +1.082% | 수수료반영 +0.982% | +982원
[보유] BNBUSDT      SHORT | 현재가 565.14000000 | 가격 +0.802% | 수수료반영 +0.702% | +702원
[보유] DOGEUSDT     SHORT | 현재가 0.07149000 | 가격 +0.154% | 수수료반영 +0.054% | +54원
[보유] ZECUSDT      SHORT | 현재가 530.25000000 | 가격 +1.056% | 수수료반영 +0.956% | +956원
[보유] BNBUSDT      SHORT | 현재가 565.14000000 | 가격 +0.802% | 수수료반영 +0.702% | +702원
[보유] DOGEUSDT     SHORT | 현재가 0.07148000 | 가격 +0.168% | 수수료반영 +0.068% | +68원
[보유] ZECUSDT      SHORT | 현재가 530.28000000 | 가격 +1.051% | 수수료반영 +0.951% | +951원
[보유] BNBUSDT      SHORT | 현재가 565.13000000 | 가격 +0.804% | 수수료반영 +0.704% | +704원
[보유] DOGEUSDT     SHORT | 현재가 0.07150000 | 가격 +0.140% | 수수료반영 +0.040% | +40원
[보유] ZECUSDT      SHORT | 현재가 530.01000000 | 가격 +1.101% | 수수료반영 +1.001% | +1,001원
[보유] BNBUSDT      SHORT | 현재가 565.14000000 | 가격 +0.802% | 수수료반영 +0.702% | +702원
[보유] DOGEUSDT     SHORT | 현재가 0.07151000 | 가격 +0.126% | 수수료반영 +0.026% | +26원
시장 스캔을 시작합니다.
===========================================================================
안전 필터 적용 시장 스캔
===========================================================================
최소 상장 기간: 30일
24시간 과열 제외: ±20.0% 이상
최소 진입 점수: 45점
안전 필터 통과 종목: 517개
24시간 ±20% 과열 제외: 6개
분석 대상: 거래대금 상위 20개
 1/20 BTCUSDT        상승 | 5분 -0.027% | 24시간 -1.94% | RSI 49.7
 2/20 ETHUSDT        상승 | 5분 +0.004% | 24시간 -2.96% | RSI 51.5
 3/20 SOLUSDT        상승 | 5분 -0.054% | 24시간 -2.10% | RSI 47.7
 4/20 HYPEUSDT       상승 | 5분 +0.116% | 24시간 -9.21% | RSI 60.4
 5/20 ZECUSDT        하락 | 5분 +0.068% | 24시간 -2.99% | RSI 52.5
 6/20 XRPUSDT        상승 | 5분 -0.009% | 24시간 -1.77% | RSI 55.8
 7/20 DOGEUSDT       상승 | 5분 +0.028% | 24시간 -2.17% | RSI 53.1
 8/20 ONDOUSDT       상승 | 5분 -0.244% | 24시간 -0.14% | RSI 59.5
 9/20 BNBUSDT        상승 | 5분 -0.012% | 24시간 -2.24% | RSI 53.0
10/20 NEARUSDT       하락 | 5분 -0.105% | 24시간 -5.64% | RSI 54.1
11/20 LABUSDT        상승 | 5분 +2.333% | 24시간 -11.27% | RSI 68.8
12/20 1000PEPEUSDT   상승 | 5분 +0.149% | 24시간 +1.05% | RSI 66.8
13/20 WLDUSDT        상승 | 5분 -0.079% | 24시간 -5.33% | RSI 50.2
14/20 SUIUSDT        상승 | 5분 +0.068% | 24시간 -1.22% | RSI 63.9
15/20 USUSDT         하락 | 5분 -0.766% | 24시간 +10.44% | RSI 43.9
16/20 ADAUSDT        상승 | 5분 +0.000% | 24시간 -1.11% | RSI 57.2
17/20 MANTRAUSDT     하락 | 5분 -0.075% | 24시간 +4.06% | RSI 40.4
18/20 PUMPUSDT       하락 | 5분 +0.061% | 24시간 +0.56% | RSI 45.1
19/20 DEXEUSDT       하락 | 5분 -0.084% | 24시간 +1.23% | RSI 48.1
20/20 LINKUSDT       상승 | 5분 +0.000% | 24시간 -3.05% | RSI 51.3
가상 진입 후보
SOLUSDT        LONG  65점
NEARUSDT       SHORT 60점
1000PEPEUSDT   LONG  60점
USUSDT         SHORT 55점
SUIUSDT        LONG  50점
최대 포지션 개수에 도달했습니다.
======================================================================
가상잔고: 998,754원
보유 포지션: 3/3
- ZECUSDT      SHORT | 진입가 535.91000000 | 투입금 100,000원
- BNBUSDT      SHORT | 진입가 569.71000000 | 투입금 100,000원
- DOGEUSDT     SHORT | 진입가 0.07160000 | 투입금 99,875원
======================================================================
------------------------------------------------------------
오늘 실현손익: -1,246원 (-0.125%)
신규 거래 상태: 가능
------------------------------------------------------------
[보유] ZECUSDT      SHORT | 현재가 530.21000000 | 가격 +1.064% | 수수료반영 +0.964% | +964원
[보유] BNBUSDT      SHORT | 현재가 565.13000000 | 가격 +0.804% | 수수료반영 +0.704% | +704원
[보유] DOGEUSDT     SHORT | 현재가 0.07151000 | 가격 +0.126% | 수수료반영 +0.026% | +26원
[보유] ZECUSDT      SHORT | 현재가 530.21000000 | 가격 +1.064% | 수수료반영 +0.964% | +964원
[보유] BNBUSDT      SHORT | 현재가 565.13000000 | 가격 +0.804% | 수수료반영 +0.704% | +704원
[보유] DOGEUSDT     SHORT | 현재가 0.07149000 | 가격 +0.154% | 수수료반영 +0.054% | +54원
[보유] ZECUSDT      SHORT | 현재가 530.08000000 | 가격 +1.088% | 수수료반영 +0.988% | +988원
[보유] BNBUSDT      SHORT | 현재가 565.04000000 | 가격 +0.820% | 수수료반영 +0.720% | +720원
[보유] DOGEUSDT     SHORT | 현재가 0.07149000 | 가격 +0.154% | 수수료반영 +0.054% | +54원
[보유] ZECUSDT      SHORT | 현재가 530.24000000 | 가격 +1.058% | 수수료반영 +0.958% | +958원
[보유] BNBUSDT      SHORT | 현재가 565.04000000 | 가격 +0.820% | 수수료반영 +0.720% | +720원
[보유] DOGEUSDT     SHORT | 현재가 0.07150000 | 가격 +0.140% | 수수료반영 +0.040% | +40원
[보유] ZECUSDT      SHORT | 현재가 530.09000000 | 가격 +1.086% | 수수료반영 +0.986% | +986원
[보유] BNBUSDT      SHORT | 현재가 565.05000000 | 가격 +0.818% | 수수료반영 +0.718% | +718원
[보유] DOGEUSDT     SHORT | 현재가 0.07150000 | 가격 +0.140% | 수수료반영 +0.040% | +40원
[보유] ZECUSDT      SHORT | 현재가 530.25000000 | 가격 +1.056% | 수수료반영 +0.956% | +956원
[보유] BNBUSDT      SHORT | 현재가 565.05000000 | 가격 +0.818% | 수수료반영 +0.718% | +718원
[보유] DOGEUSDT     SHORT | 현재가 0.07149000 | 가격 +0.154% | 수수료반영 +0.054% | +54원
[보유] ZECUSDT      SHORT | 현재가 530.25000000 | 가격 +1.056% | 수수료반영 +0.956% | +956원
[보유] BNBUSDT      SHORT | 현재가 565.05000000 | 가격 +0.818% | 수수료반영 +0.718% | +718원
[보유] DOGEUSDT     SHORT | 현재가 0.07149000 | 가격 +0.154% | 수수료반영 +0.054% | +54원
[보유] ZECUSDT      SHORT | 현재가 530.30000000 | 가격 +1.047% | 수수료반영 +0.947% | +947원
[보유] BNBUSDT      SHORT | 현재가 565.05000000 | 가격 +0.818% | 수수료반영 +0.718% | +718원
[보유] DOGEUSDT     SHORT | 현재가 0.07149000 | 가격 +0.154% | 수수료반영 +0.054% | +54원
[보유] ZECUSDT      SHORT | 현재가 530.25000000 | 가격 +1.056% | 수수료반영 +0.956% | +956원
[보유] BNBUSDT      SHORT | 현재가 565.04000000 | 가격 +0.820% | 수수료반영 +0.720% | +720원
[보유] DOGEUSDT     SHORT | 현재가 0.07150000 | 가격 +0.140% | 수수료반영 +0.040% | +40원
[보유] ZECUSDT      SHORT | 현재가 530.50000000 | 가격 +1.009% | 수수료반영 +0.909% | +909원
[보유] BNBUSDT      SHORT | 현재가 565.01000000 | 가격 +0.825% | 수수료반영 +0.725% | +725원
[보유] DOGEUSDT     SHORT | 현재가 0.07148000 | 가격 +0.168% | 수수료반영 +0.068% | +68원
[보유] ZECUSDT      SHORT | 현재가 530.49000000 | 가격 +1.011% | 수수료반영 +0.911% | +911원
[보유] BNBUSDT      SHORT | 현재가 565.00000000 | 가격 +0.827% | 수수료반영 +0.727% | +727원
[보유] DOGEUSDT     SHORT | 현재가 0.07148000 | 가격 +0.168% | 수수료반영 +0.068% | +68원
[보유] ZECUSDT      SHORT | 현재가 530.49000000 | 가격 +1.011% | 수수료반영 +0.911% | +911원
[보유] BNBUSDT      SHORT | 현재가 565.00000000 | 가격 +0.827% | 수수료반영 +0.727% | +727원
[보유] DOGEUSDT     SHORT | 현재가 0.07148000 | 가격 +0.168% | 수수료반영 +0.068% | +68원
[보유] ZECUSDT      SHORT | 현재가 530.49000000 | 가격 +1.011% | 수수료반영 +0.911% | +911원
[보유] BNBUSDT      SHORT | 현재가 565.00000000 | 가격 +0.827% | 수수료반영 +0.727% | +727원
[보유] DOGEUSDT     SHORT | 현재가 0.07148000 | 가격 +0.168% | 수수료반영 +0.068% | +68원
시장 스캔을 시작합니다.
===========================================================================
안전 필터 적용 시장 스캔
===========================================================================
최소 상장 기간: 30일
24시간 과열 제외: ±20.0% 이상
최소 진입 점수: 45점
안전 필터 통과 종목: 517개
24시간 ±20% 과열 제외: 6개
분석 대상: 거래대금 상위 20개
 1/20 BTCUSDT        상승 | 5분 -0.078% | 24시간 -1.93% | RSI 48.9
 2/20 ETHUSDT        상승 | 5분 -0.070% | 24시간 -2.96% | RSI 51.2
 3/20 SOLUSDT        상승 | 5분 -0.094% | 24시간 -2.02% | RSI 52.2
 4/20 HYPEUSDT       상승 | 5분 +0.079% | 24시간 -9.12% | RSI 65.1
 5/20 ZECUSDT        하락 | 5분 -0.132% | 24시간 -2.50% | RSI 53.9
 6/20 XRPUSDT        상승 | 5분 -0.064% | 24시간 -1.75% | RSI 55.8
 7/20 DOGEUSDT       상승 | 5분 -0.042% | 24시간 -2.16% | RSI 54.2
 8/20 ONDOUSDT       상승 | 5분 -0.406% | 24시간 -0.05% | RSI 56.9
 9/20 BNBUSDT        상승 | 5분 -0.064% | 24시간 -2.24% | RSI 50.7
10/20 NEARUSDT       하락 | 5분 -0.262% | 24시간 -5.69% | RSI 52.0
11/20 LABUSDT        상승 | 5분 +4.538% | 24시간 -9.57% | RSI 78.7
12/20 1000PEPEUSDT   상승 | 5분 +0.178% | 24시간 +1.05% | RSI 73.4
13/20 WLDUSDT        상승 | 5분 -0.106% | 24시간 -5.25% | RSI 53.2
14/20 SUIUSDT        상승 | 5분 +0.014% | 24시간 -1.20% | RSI 63.9
15/20 USUSDT         하락 | 5분 +0.537% | 24시간 +7.11% | RSI 47.7
16/20 ADAUSDT        상승 | 5분 -0.062% | 24시간 -1.11% | RSI 60.3
17/20 MANTRAUSDT     하락 | 5분 -0.226% | 24시간 +3.98% | RSI 39.5
18/20 PUMPUSDT       하락 | 5분 -0.122% | 24시간 +0.68% | RSI 45.1
19/20 DEXEUSDT       하락 | 5분 +0.113% | 24시간 +1.34% | RSI 46.1
20/20 LINKUSDT       상승 | 5분 -0.037% | 24시간 -3.02% | RSI 55.2
가상 진입 후보
MANTRAUSDT     SHORT 75점
HYPEUSDT       LONG  65점
WLDUSDT        LONG  65점
1000PEPEUSDT   LONG  55점
LINKUSDT       LONG  50점
최대 포지션 개수에 도달했습니다.
======================================================================
가상잔고: 998,754원
보유 포지션: 3/3
- ZECUSDT      SHORT | 진입가 535.91000000 | 투입금 100,000원
- BNBUSDT      SHORT | 진입가 569.71000000 | 투입금 100,000원
- DOGEUSDT     SHORT | 진입가 0.07160000 | 투입금 99,875원
======================================================================
------------------------------------------------------------
오늘 실현손익: -1,246원 (-0.125%)
신규 거래 상태: 가능
------------------------------------------------------------
[보유] ZECUSDT      SHORT | 현재가 530.43000000 | 가격 +1.023% | 수수료반영 +0.923% | +923원
[보유] BNBUSDT      SHORT | 현재가 565.00000000 | 가격 +0.827% | 수수료반영 +0.727% | +727원
[보유] DOGEUSDT     SHORT | 현재가 0.07149000 | 가격 +0.154% | 수수료반영 +0.054% | +54원
[보유] ZECUSDT      SHORT | 현재가 530.51000000 | 가격 +1.008% | 수수료반영 +0.908% | +908원
[보유] BNBUSDT      SHORT | 현재가 565.00000000 | 가격 +0.827% | 수수료반영 +0.727% | +727원
[보유] DOGEUSDT     SHORT | 현재가 0.07149000 | 가격 +0.154% | 수수료반영 +0.054% | +54원
[보유] ZECUSDT      SHORT | 현재가 530.44000000 | 가격 +1.021% | 수수료반영 +0.921% | +921원
[보유] BNBUSDT      SHORT | 현재가 564.96000000 | 가격 +0.834% | 수수료반영 +0.734% | +734원
[보유] DOGEUSDT     SHORT | 현재가 0.07148000 | 가격 +0.168% | 수수료반영 +0.068% | +68원
[보유] ZECUSDT      SHORT | 현재가 530.44000000 | 가격 +1.021% | 수수료반영 +0.921% | +921원
[보유] BNBUSDT      SHORT | 현재가 564.94000000 | 가격 +0.837% | 수수료반영 +0.737% | +737원
[보유] DOGEUSDT     SHORT | 현재가 0.07147000 | 가격 +0.182% | 수수료반영 +0.082% | +81원
[보유] ZECUSDT      SHORT | 현재가 530.36000000 | 가격 +1.036% | 수수료반영 +0.936% | +936원
[보유] BNBUSDT      SHORT | 현재가 564.89000000 | 가격 +0.846% | 수수료반영 +0.746% | +746원
[보유] DOGEUSDT     SHORT | 현재가 0.07146000 | 가격 +0.196% | 수수료반영 +0.096% | +95원
프로그램을 종료합니다.
============================================================
BinanceBot 가상매매 성적표
============================================================
총 거래 횟수: 1회
승리: 0회
손실: 1회
승률: 0.00%
누적 손익: -1,246원
평균 거래 수익률: -1.246%
평균 수익금: +0원
평균 손실금: -1,246원
최고 거래: ONDOUSDT LONG -1,246원
최악 거래: ONDOUSDT LONG -1,246원
평균 보유시간: 50분
최대 연속 승리: 0회
최대 연속 손실: 1회
코인별 성과
------------------------------------------------------------
ONDOUSDT         1회 | 승률   0.00% | 손익 -1,246원
============================================================
------------------------------------------------------------
오늘 실현손익: -1,246원 (-0.125%)
신규 거래 상태: 가능
------------------------------------------------------------

[2026-07-17 18:19:46] 사용자가 실행을 종료했습니다.
======================================================================
BinanceBot 자동 실행 관리자
======================================================================
관리자 PID: 28416
실행 파일: main.py
중복 실행 방지: 활성화
봇 종료 시 자동으로 재시작합니다.
완전히 종료하려면 Ctrl + C

[2026-07-17 18:19:58] BinanceBot을 시작합니다.
======================================================================
BinanceBot v2.2
======================================================================
현재 모드: 가상매매
저장된 가상잔고: 998,754원
복구된 포지션: 3개
최대 포지션: 3개
포지션당 투입 비율: 10.0%
최소 진입 점수: 45점
손절: -1.0%
익절: +3.0%
스캔 주기: 60초
신규 진입 상태: 활성화
종료: Ctrl + C
============================================================
BinanceBot 가상매매 성적표
============================================================
총 거래 횟수: 1회
승리: 0회
손실: 1회
승률: 0.00%
누적 손익: -1,246원
평균 거래 수익률: -1.246%
평균 수익금: +0원
평균 손실금: -1,246원
최고 거래: ONDOUSDT LONG -1,246원
최악 거래: ONDOUSDT LONG -1,246원
평균 보유시간: 50분
최대 연속 승리: 0회
최대 연속 손실: 1회
코인별 성과
------------------------------------------------------------
ONDOUSDT         1회 | 승률   0.00% | 손익 -1,246원
============================================================
------------------------------------------------------------
오늘 실현손익: -1,246원 (-0.125%)
신규 거래 상태: 가능
------------------------------------------------------------
[보유] ZECUSDT      SHORT | 현재가 530.72000000 | 가격 +0.968% | 수수료반영 +0.868% | +868원
[보유] BNBUSDT      SHORT | 현재가 565.01000000 | 가격 +0.825% | 수수료반영 +0.725% | +725원
[보유] DOGEUSDT     SHORT | 현재가 0.07147000 | 가격 +0.182% | 수수료반영 +0.082% | +81원
시장 스캔을 시작합니다.
===========================================================================
안전 필터 적용 시장 스캔
===========================================================================
최소 상장 기간: 30일
24시간 과열 제외: ±20.0% 이상
최소 진입 점수: 45점
안전 필터 통과 종목: 517개
24시간 ±20% 과열 제외: 6개
분석 대상: 거래대금 상위 20개
 1/20 BTCUSDT        상승 | 5분 -0.142% | 24시간 -1.94% | RSI 46.1
 2/20 ETHUSDT        상승 | 5분 -0.163% | 24시간 -2.97% | RSI 48.6
 3/20 SOLUSDT        상승 | 5분 -0.094% | 24시간 -2.01% | RSI 54.3
 4/20 HYPEUSDT       상승 | 5분 +0.192% | 24시간 -9.12% | RSI 65.5
 5/20 ZECUSDT        하락 | 5분 -0.100% | 24시간 -2.51% | RSI 56.2
 6/20 XRPUSDT        상승 | 5분 -0.120% | 24시간 -1.75% | RSI 54.7
 7/20 DOGEUSDT       상승 | 5분 -0.112% | 24시간 -2.18% | RSI 51.6
 8/20 ONDOUSDT       상승 | 5분 -0.514% | 24시간 -0.16% | RSI 56.0
 9/20 BNBUSDT        상승 | 5분 -0.108% | 24시간 -2.23% | RSI 49.8
10/20 NEARUSDT       하락 | 5분 -0.314% | 24시간 -5.74% | RSI 52.0
11/20 LABUSDT        상승 | 5분 +2.081% | 24시간 -10.64% | RSI 68.2
12/20 1000PEPEUSDT   상승 | 5분 +0.138% | 24시간 +1.01% | RSI 67.7
13/20 WLDUSDT        상승 | 5분 -0.158% | 24시간 -5.25% | RSI 51.5
14/20 SUIUSDT        상승 | 5분 -0.096% | 24시간 -1.19% | RSI 62.1
15/20 USUSDT         하락 | 5분 -0.790% | 24시간 +6.94% | RSI 41.6
16/20 ADAUSDT        상승 | 5분 +0.062% | 24시간 -1.05% | RSI 63.1
17/20 MANTRAUSDT     하락 | 5분 -0.391% | 24시간 +3.98% | RSI 40.4
18/20 PUMPUSDT       하락 | 5분 +0.000% | 24시간 +0.68% | RSI 50.0
19/20 DEXEUSDT       하락 | 5분 +0.564% | 24시간 +1.77% | RSI 57.2
20/20 LINKUSDT       상승 | 5분 -0.085% | 24시간 -3.00% | RSI 56.2
가상 진입 후보
USUSDT         SHORT 95점
BNBUSDT        LONG  70점
NEARUSDT       SHORT 65점
MANTRAUSDT     SHORT 55점
BTCUSDT        LONG  50점
최대 포지션 개수에 도달했습니다.
======================================================================
가상잔고: 998,754원
보유 포지션: 3/3
- ZECUSDT      SHORT | 진입가 535.91000000 | 투입금 100,000원
- BNBUSDT      SHORT | 진입가 569.71000000 | 투입금 100,000원
- DOGEUSDT     SHORT | 진입가 0.07160000 | 투입금 99,875원
======================================================================
------------------------------------------------------------
오늘 실현손익: -1,246원 (-0.125%)
신규 거래 상태: 가능
------------------------------------------------------------
[보유] ZECUSDT      SHORT | 현재가 530.72000000 | 가격 +0.968% | 수수료반영 +0.868% | +868원
[보유] BNBUSDT      SHORT | 현재가 565.01000000 | 가격 +0.825% | 수수료반영 +0.725% | +725원
[보유] DOGEUSDT     SHORT | 현재가 0.07150000 | 가격 +0.140% | 수수료반영 +0.040% | +40원
[보유] ZECUSDT      SHORT | 현재가 530.49000000 | 가격 +1.011% | 수수료반영 +0.911% | +911원
[보유] BNBUSDT      SHORT | 현재가 565.23000000 | 가격 +0.786% | 수수료반영 +0.686% | +686원
[보유] DOGEUSDT     SHORT | 현재가 0.07150000 | 가격 +0.140% | 수수료반영 +0.040% | +40원
[보유] ZECUSDT      SHORT | 현재가 530.68000000 | 가격 +0.976% | 수수료반영 +0.876% | +876원
[보유] BNBUSDT      SHORT | 현재가 565.22000000 | 가격 +0.788% | 수수료반영 +0.688% | +688원
[보유] DOGEUSDT     SHORT | 현재가 0.07151000 | 가격 +0.126% | 수수료반영 +0.026% | +26원
[보유] ZECUSDT      SHORT | 현재가 531.00000000 | 가격 +0.916% | 수수료반영 +0.816% | +816원
[보유] BNBUSDT      SHORT | 현재가 565.22000000 | 가격 +0.788% | 수수료반영 +0.688% | +688원
[보유] DOGEUSDT     SHORT | 현재가 0.07151000 | 가격 +0.126% | 수수료반영 +0.026% | +26원
[보유] ZECUSDT      SHORT | 현재가 530.89000000 | 가격 +0.937% | 수수료반영 +0.837% | +837원
[보유] BNBUSDT      SHORT | 현재가 565.22000000 | 가격 +0.788% | 수수료반영 +0.688% | +688원
[보유] DOGEUSDT     SHORT | 현재가 0.07153000 | 가격 +0.098% | 수수료반영 -0.002% | -2원
[보유] ZECUSDT      SHORT | 현재가 531.19000000 | 가격 +0.881% | 수수료반영 +0.781% | +781원
[보유] BNBUSDT      SHORT | 현재가 565.20000000 | 가격 +0.792% | 수수료반영 +0.692% | +692원
[보유] DOGEUSDT     SHORT | 현재가 0.07153000 | 가격 +0.098% | 수수료반영 -0.002% | -2원
[보유] ZECUSDT      SHORT | 현재가 531.19000000 | 가격 +0.881% | 수수료반영 +0.781% | +781원
[보유] BNBUSDT      SHORT | 현재가 565.21000000 | 가격 +0.790% | 수수료반영 +0.690% | +690원
[보유] DOGEUSDT     SHORT | 현재가 0.07153000 | 가격 +0.098% | 수수료반영 -0.002% | -2원
